object_id,time_period_id
466,1
467,1
468,1
469,1
470,1
471,1
472,1
473,1
474,1
475,1
482,1
483,1
484,1
485,1
486,1
500,1
3926,2
3963,1
3970,1
3971,1
5223,2
5896,1
7499,2
10028,2
10035,3
10049,2
10061,2
10062,2
10065,2
10066,3
10067,3
10068,2
10070,2
10072,2
10075,2
10076,2
10077,2
10080,2
10081,2
10082,2
10083,2
10084,2
10085,1
10087,2
10092,2
10093,2
10116,2
10126,3
10127,2
10128,2
10131,3
10136,1
10138,1
10142,3
10147,3
10148,3
10149,2
10150,2
10151,2
10152,2
10154,2
10155,2
10156,2
10158,2
10159,2
10174,1
10175,1
10176,1
10177,1
10178,2
10180,2
10181,2
10182,2
10183,2
10184,2
10185,2
10186,2
10190,2
10191,2
10194,2
10195,2
10196,2
10198,2
10207,2
10209,2
10210,2
10215,2
10235,2
10239,2
10240,2
10241,2
10246,1
10247,2
10251,3
10252,3
10254,3
10255,3
10256,2
10258,3
10259,2
10337,3
10338,3
10351,3
10352,2
10353,2
10371,2
10375,2
10376,3
10381,2
10388,2
10391,2
10393,2
10400,2
10401,2
10402,3
10406,2
10421,2
10422,2
10423,2
10425,2
10430,2
10431,2
10434,3
10435,2
10436,2
10437,2
10438,2
10439,2
10440,2
10441,2
10442,2
10443,2
10444,2
10445,2
10446,2
10447,2
10448,2
10449,2
10450,2
10451,2
10452,2
10453,2
10454,2
10455,2
10456,2
10457,2
10458,2
10459,2
10460,2
10461,2
10462,2
10463,2
10464,2
10465,2
10466,2
10467,3
10468,2
10469,2
10470,2
10471,2
10472,2
10473,2
10474,2
10475,2
10476,3
10478,2
10480,2
10481,2
10482,2
10491,2
10492,2
10493,2
10496,2
10497,2
10499,2
10500,2
10501,2
10503,2
10504,2
10505,2
10507,2
10508,2
10509,2
10510,2
10516,2
10517,2
10519,3
10521,2
10522,1
10524,1
10526,1
10527,1
10530,1
10531,1
10533,1
10534,1
10535,1
10537,1
10554,1
10555,3
10557,2
10559,2
10560,2
10566,2
10570,3
10578,2
10584,2
10586,2
10587,2
10589,2
10590,2
10607,3
10610,2
10612,2
10614,2
10628,3
10629,3
10630,2
10644,3
10647,3
10649,3
10657,3
10674,3
10705,3
10708,3
10730,3
10738,2
10742,3
10743,3
10745,3
10746,2
10747,3
10749,2
10762,3
10767,3
10768,2
10769,2
10771,2
10777,2
10783,2
10784,2
10785,2
10786,2
10788,2
10790,2
10791,2
10793,2
10794,2
10795,2
10796,2
10798,2
10799,2
10800,1
10801,1
10805,2
10806,2
10808,4
10809,1
10810,2
10811,2
10812,2
10813,2
10817,2
10819,2
10820,2
10824,2
10825,3
10827,2
10828,2
10830,1
10832,1
10833,1
10834,1
10835,1
10836,2
10837,2
10843,2
10845,2
10846,3
10848,2
10849,2
10850,2
10851,2
10852,2
10853,2
10858,2
10859,2
10860,2
10861,2
10862,2
10863,2
10864,2
10865,2
10866,2
10867,2
10874,1
10878,2
10879,2
10880,2
10890,2
10894,3
10895,2
10897,2
10905,2
10915,3
10916,3
10919,2
10922,2
10923,2
10924,2
10925,2
10930,3
10933,2
10934,2
10935,3
10936,3
10937,3
10939,2
10944,2
10945,2
10946,2
10947,2
10950,3
10952,3
10954,3
10955,3
10959,3
10960,3
10966,2
10967,2
10968,2
10974,3
10975,2
10976,2
10978,2
10980,3
10984,2
10988,2
10989,2
10990,2
10991,2
10993,2
10994,2
10995,2
10996,2
10997,2
11001,2
11006,2
11007,2
11008,2
11011,2
11012,2
11020,2
11028,3
11029,3
11031,3
11032,3
11034,3
11035,3
11036,2
11038,2
11040,1
11042,2
11046,3
11050,2
11051,2
11052,2
11053,2
11054,2
11055,2
11057,2
11058,2
11060,2
11061,2
11062,2
11063,2
11075,3
11077,3
11079,1
11080,2
11081,2
11082,2
11083,2
11088,2
11101,2
11103,2
11104,2
11105,2
11107,2
11111,2
11112,2
11113,2
11116,2
11117,2
11122,2
11123,2
11126,2
11127,2
11130,2
11133,2
11134,2
11135,2
11136,3
11137,3
11140,2
11141,2
11142,2
11145,2
11149,3
11159,2
11160,2
11168,2
11170,2
11173,2
11174,2
11175,2
11176,2
11177,2
11179,2
11180,2
11181,2
11182,2
11187,2
11188,2
11189,2
11191,2
11192,2
11193,2
11194,2
11195,2
11199,2
11201,2
11205,2
11207,2
11208,2
11209,2
11212,2
11215,2
11223,2
11224,2
11226,2
11227,2
11228,2
11229,2
11230,2
11231,2
11232,2
11233,2
11234,2
11235,2
11239,2
11240,2
11241,2
11243,2
11247,2
11249,2
11250,2
11253,2
11255,2
11256,2
11258,2
11259,2
11260,2
11261,2
11262,2
11263,2
11264,2
11265,2
11267,2
11269,2
11273,1
11274,1
11275,1
11276,1
11277,3
11278,2
11279,2
11281,3
11282,3
11284,2
11287,2
11289,2
11290,2
11301,1
11302,1
11303,3
11304,3
11307,2
11308,2
11309,2
11310,2
11311,2
11312,2
11313,2
11314,2
11315,2
11316,2
11317,2
11318,2
11319,2
11320,2
11321,2
11322,2
11323,2
11324,2
11325,2
11326,2
11328,2
11329,2
11332,2
11347,2
11348,2
11365,2
11366,2
11370,2
11379,2
11383,2
11392,2
11393,2
11395,2
11396,2
11397,2
11403,2
11405,3
11406,2
11407,2
11408,2
11409,2
11411,2
11417,2
11418,2
11431,3
11433,2
11436,3
11437,3
11448,2
11451,2
11470,3
11471,3
11480,3
11481,2
11483,3
11495,2
11512,1
11515,2
11517,2
11518,2
11521,3
11524,2
11525,2
11543,2
11553,2
11555,3
11556,3
11557,3
11558,3
11583,2
11584,2
11585,2
11586,2
11587,2
11589,3
11591,3
11597,2
11598,2
11600,2
11602,2
11604,2
11605,2
11609,2
11610,1
11611,1
11614,2
11619,2
11620,2
11621,2
11623,2
11624,2
11626,2
11627,2
11628,2
11630,2
11631,3
11635,3
11636,3
11641,3
11651,2
11654,2
11655,2
11656,2
11657,3
11658,3
11659,3
11674,2
11675,2
11682,3
11683,2
11685,3
11692,3
11697,3
11703,1
11707,1
11710,1
11712,1
11713,1
11716,1
11718,1
11719,1
11723,1
11728,2
11734,2
11737,2
11739,2
11740,2
11741,2
11742,2
11743,2
11744,2
11745,2
11758,2
11759,2
11761,2
11762,2
11763,2
11764,2
11765,2
11766,2
11767,3
11771,2
11774,1
11775,2
11776,2
11777,2
11778,1
11779,1
11780,2
11797,1
11798,1
11799,1
11800,3
11801,3
11803,3
11804,3
11809,3
11813,3
11834,2
11835,2
11837,2
11851,3
11853,2
11854,2
11857,3
11858,2
11864,2
11867,3
11894,2
11903,2
11904,3
11911,2
11913,2
11934,2
11936,2
11938,2
11939,2
11957,2
11974,2
11975,2
11976,2
11977,2
11978,2
11979,2
11980,2
11981,2
11982,3
11983,2
11984,2
12024,2
12026,2
12028,3
12037,2
12038,2
12052,3
12061,2
12065,2
12071,3
12072,2
12073,2
12074,2
12100,2
12108,2
12110,3
12121,2
12122,2
12127,2
12128,2
12131,2
12136,2
12137,2
12140,2
12141,2
12149,2
12153,3
12159,3
12162,2
12178,3
12266,2
12284,3
12302,2
12303,2
12310,2
12443,3
12446,2
12447,2
12456,3
12470,2
12471,3
12477,2
12534,2
12541,3
12542,3
12543,2
12545,1
12551,2
12552,2
12554,2
12569,2
12572,3
12578,2
12600,1
12601,1
12602,1
12603,1
12605,2
12630,2
12631,2
12639,3
12641,1
12643,2
12644,2
12646,2
12647,2
12648,3
12658,1
12661,2
12662,2
12663,1
12664,1
12665,1
12666,2
12667,1
12668,2
12669,1
12670,1
12671,1
12672,1
12673,1
12674,1
12675,1
12676,2
12677,1
12678,1
12680,1
12681,2
12683,1
12687,2
12690,2
12692,2
12693,2
12694,2
12696,2
12698,2
12699,2
12701,2
12702,2
12704,2
12705,2
12707,2
12708,2
12709,2
12764,3
12766,3
12767,2
12768,2
12769,2
12770,2
12772,2
12773,2
12775,2
12776,3
12785,2
12786,3
12787,2
12791,1
12792,1
12793,1
12794,1
12795,2
12796,2
12797,2
12799,2
12800,2
12801,2
12802,2
12806,2
12807,2
12810,2
12811,2
12819,2
12822,1
12823,1
12824,1
12825,2
12827,2
12828,1
12829,1
12830,1
12831,2
12832,2
12833,2
12834,2
12835,3
12836,3
12837,3
12840,3
12842,2
12843,2
12845,2
12846,2
12849,2
12855,4
12856,3
12857,2
12859,1
12860,1
12865,1
12866,2
12870,2
12872,2
12873,1
12877,2
12878,1
12885,1
12889,2
12895,1
12899,1
12902,1
12903,2
12904,2
12911,2
12913,1
12917,2
12920,1
12923,2
12925,3
12928,1
12929,1
12932,2
12933,2
12939,2
12940,2
12947,2
12948,2
12950,2
12956,3
12959,2
12962,1
12965,1
12966,2
12968,2
12970,3
12975,1
12977,1
12978,2
12980,4
12983,2
12994,1
12997,1
13000,2
13001,1
13003,2
13006,2
13008,2
13011,2
13014,2
13017,2
13018,1
13019,2
13020,1
13025,2
13027,1
13033,3
13043,2
13045,1
13047,2
13049,2
13051,1
13052,2
13053,1
13057,1
13058,2
13060,2
13061,2
13062,2
13065,2
13067,2
13070,2
13078,3
13085,3
13086,3
13087,3
13089,2
13091,2
13093,2
13094,2
13095,2
13096,2
13097,2
13098,2
13099,2
13100,2
13101,2
13102,2
13103,2
13104,2
13105,2
13106,2
13107,2
13108,2
13121,2
13124,2
13131,2
13132,2
13165,3
13166,3
13167,3
13168,3
13171,2
13173,2
13174,2
13175,2
13178,2
13180,2
13181,2
13182,2
13183,2
13184,2
13187,2
13193,3
13196,1
13198,1
13199,1
13200,2
13202,2
13204,1
13209,2
13210,2
13211,2
13223,2
13225,2
13237,2
13269,2
13307,2
13312,2
13313,2
13315,2
13316,3
13317,3
13331,1
13334,1
13335,1
13336,1
13337,1
13338,1
13343,2
13344,2
13345,2
13346,2
13349,2
13350,2
13351,2
13352,2
13355,2
13356,2
13357,2
13358,2
13359,2
13360,2
13368,2
13392,2
13401,1
13452,2
13453,2
13454,2
13499,2
13758,2
14202,2
14203,3
14204,3
14265,2
14334,2
14419,1
14444,3
14472,2
14473,3
14474,2
14475,2
14476,2
14477,2
14478,2
14479,2
14480,2
14481,2
14482,2
14483,2
14487,2
14512,2
14513,2
14514,3
14516,4
14824,3
14826,2
14836,2
14871,3
14930,2
14931,3
14981,2
15582,2
15583,3
15587,3
16006,3
16255,2
16345,2
16580,2
16584,1
16590,2
16591,2
16592,2
16687,2
16710,2
16717,2
16743,1
16744,1
16752,1
16781,1
16868,2
16875,2
16881,2
16906,2
16947,3
16958,1
16959,1
17016,2
17447,1
17465,2
17506,2
17507,2
17508,2
17517,2
17558,2
17559,2
17574,2
17803,2
17897,2
18113,1
18354,2
18447,2
18819,2
18820,2
18838,3
19013,3
19022,1
19056,1
19065,2
19206,2
19219,3
19220,3
19224,3
19225,3
19226,3
19231,3
19241,3
19246,3
19247,3
19248,3
19250,3
19253,3
19258,3
19260,3
19261,3
19262,3
19263,3
19264,3
19272,3
19273,3
19274,3
19277,3
19278,3
19285,3
19286,2
19288,3
19289,3
19290,3
19291,3
19292,3
19293,3
19294,3
19295,3
19299,3
19300,2
19301,3
19303,3
19307,3
19316,3
19317,3
19318,3
19321,3
19322,3
19328,2
19329,3
19330,2
19332,3
19334,2
19335,3
19336,3
19337,3
19338,3
19339,3
19340,3
19341,3
19342,3
19343,3
19344,3
19345,3
19346,3
19347,3
19349,3
19350,3
19351,3
19523,2
19524,2
19732,2
19815,1
19816,1
19826,1
20129,2
20366,2
20421,2
20517,1
20559,2
20639,2
20768,2
20771,3
20888,2
20889,2
20890,2
20891,5
20892,2
20893,1
21126,2
21651,1
21652,2
21693,2
21695,3
33284,6
34018,6
34019,6
34020,6
35155,6
35649,2
35655,4
36034,6
36043,4
36116,4
36370,3
37793,7
37800,8
37801,9
37803,8
37811,4
37819,1
37832,4
37835,7
37855,4
37856,3
37866,1
37867,1
37868,1
37869,1
37873,1
37876,1
37877,1
37878,2
37880,4
37898,1
37913,1
37914,1
37915,1
37916,1
37922,2
37924,2
37926,2
37927,4
37928,1
37945,4
37959,2
37960,1
37968,1
37970,7
37971,9
37974,3
37987,1
37989,1
37990,1
37991,1
37992,1
37993,1
38009,1
38012,1
38013,9
38016,4
38020,1
38022,2
38023,1
38024,1
38026,1
38031,1
38032,2
38035,2
38038,1
38039,1
38040,1
38041,1
38042,1
38043,1
38044,2
38045,1
38046,1
38047,1
38052,8
38057,1
38058,4
38066,2
38068,1
38069,1
38070,1
38347,4
39641,1
39651,1
39894,4
40332,6
40333,10
40335,10
40336,1
40337,1
40338,1
40339,1
40340,1
40341,1
40349,4
40352,1
40353,1
40419,4
40429,1
40432,1
40452,9
42889,4
44628,3
45070,8
45608,9
45609,9
45610,9
45696,6
45697,6
45702,4
45703,6
45704,6
45705,6
45706,6
45708,6
45709,6
45710,6
45711,6
45712,6
45713,6
45714,6
45715,6
45716,6
45717,6
45718,6
45719,6
45743,6
45800,4
45809,1
48882,2
48889,1
48890,1
48907,1
48916,1
48918,1
48919,1
48920,1
48940,6
48985,1
49104,4
49105,4
49466,2
49617,3
49798,2
51529,9
51531,9
51563,9
51587,9
51595,4
51649,6
51756,4
51757,9
51760,4
51761,4
51811,2
51812,11
51814,11
51833,8
51847,9
53522,12
53523,5
53543,4
53544,2
53545,2
53550,9
53583,3
53592,6
53595,2
53750,3
54184,2
54567,1
54789,2
54791,4
54792,4
54794,4
54795,4
54796,4
54911,8
54912,6
54913,8
54914,8
54915,3
54953,1
54967,1
55034,2
57185,2
57187,2
57188,2
57190,2
57191,2
57192,2
57193,2
57194,2
57234,1
57236,1
57237,1
57238,2
57240,1
57242,2
57243,2
57245,2
57286,4
57290,4
57291,4
57292,4
57293,4
57294,2
57295,2
57296,2
57297,2
57298,2
57299,1
57300,1
57301,1
57302,1
57303,1
57304,1
57305,1
57306,1
57307,1
57308,1
57309,1
57314,1
57321,2
57322,2
57323,2
57330,2
57331,2
57333,2
57339,4
57340,2
57556,9
61429,2
64533,1
64534,4
64535,1
64839,1
64840,2
64842,2
64843,1
64891,4
65002,1
65003,1
65590,4
65594,1
65595,2
72571,4
72573,1
72589,1
72719,2
72720,4
72752,1
73111,2
73169,1
73259,1
73260,2
73261,1
73296,2
74648,1
74650,1
74651,1
74652,1
74653,1
74657,1
74658,1
74659,1
74660,1
74668,1
74669,2
74671,1
74673,1
74674,1
74677,1
74679,1
74680,2
74681,1
74683,1
74685,1
74686,1
74691,1
74692,1
74696,4
74698,2
74701,1
74705,1
74710,1
74715,2
74719,1
74721,1
74725,4
74726,2
74728,4
74730,2
74733,1
74736,2
74743,2
74744,2
74749,2
74750,2
74752,4
74753,1
74837,3
74838,3
74840,3
74842,3
74843,3
74883,7
75235,1
75411,1
76031,4
76032,1
76033,1
76036,4
76037,2
76393,13
78435,3
141404,3
185933,9
185934,9
189551,4
189727,4
196918,1
207312,1
232204,4
232207,1
232208,1
232209,4
232211,4
232212,4
236111,4
282527,3
282530,3
282531,3
282532,3
282533,3
282534,3
282535,3
282537,3
282538,3
282539,3
282541,3
282552,3
282559,3
282560,3
282561,3
282569,3
282570,3
282571,3
282573,3
282575,3
282618,3
282883,3
283743,3
289702,3
289703,3
311939,1
313632,1
313650,3
313787,2
314561,2
314562,2
316756,2
316757,2
316758,2
316759,2
316760,2
316761,2
316762,2
316763,2
320928,3
387147,2
395123,1
395733,3
435573,1
435576,8
435577,8
435578,8
435579,8
435580,8
435581,8
435583,8
435585,6
435586,3
435590,4
435594,6
435595,6
435596,4
435597,4
435598,4
435599,2
435600,6
435601,8
435603,2
435604,2
435614,8
435615,8
435616,8
435617,8
435621,2
435622,1
435623,1
435626,2
435627,2
435630,1
435631,1
435632,1
435633,4
435635,6
435640,8
435641,8
435642,8
435643,6
435644,6
435645,8
435646,1
435647,1
435648,2
435649,2
435650,2
435651,6
435653,2
435654,2
435655,4
435656,8
435657,8
435658,11
435659,6
435663,4
435664,8
435665,8
435666,8
435670,4
435671,1
435672,4
435673,1
435678,6
435680,6
435682,6
435683,2
435684,2
435687,1
435688,1
435689,4
435690,4
435691,2
435692,2
435693,3
435694,2
435701,2
435702,2
435703,2
435704,2
435705,6
435706,6
435707,2
435708,2
435709,2
435711,2
435713,4
435714,4
435715,4
435716,4
435717,4
435718,4
435722,6
435723,4
435724,8
435725,6
435727,1
435728,8
435729,8
435730,8
435731,8
435733,8
435734,8
435737,1
435738,1
435740,1
435741,1
435742,1
435743,1
435744,1
435745,1
435746,1
435747,1
435749,2
435750,2
435751,2
435752,2
435753,2
435754,2
435755,4
435756,4
435757,4
435759,8
435760,6
435762,8
435763,6
435764,8
435765,8
435766,8
435768,6
435769,4
435770,4
435771,4
435772,4
435773,2
435774,2
435775,2
435776,6
435778,6
435779,6
435780,1
435793,2
435802,6
435803,6
435804,6
435805,4
435806,4
435807,4
435808,6
435809,6
435810,4
435813,4
435814,4
435817,4
435818,6
435819,6
435820,6
435822,8
435823,6
435824,6
435826,2
435829,2
435830,2
435831,2
435832,2
435833,4
435835,6
435837,8
435838,8
435839,1
435842,4
435843,4
435844,6
435847,6
435848,8
435849,2
435851,8
435852,6
435853,6
435855,2
435856,2
435857,2
435858,1
435859,6
435860,6
435861,4
435862,2
435863,9
435864,1
435866,2
435867,2
435868,2
435869,2
435870,2
435871,2
435872,2
435873,2
435874,2
435875,2
435876,2
435877,2
435878,3
435879,2
435880,2
435881,2
435882,2
435883,2
435884,2
435885,2
435886,4
435887,1
435888,1
435892,2
435894,4
435895,2
435896,8
435897,8
435898,8
435899,8
435900,6
435901,6
435902,6
435904,4
435905,4
435906,4
435907,4
435908,4
435909,4
435912,6
435914,6
435916,6
435917,6
435918,4
435921,2
435922,2
435923,2
435940,6
435944,6
435945,6
435946,6
435947,6
435948,6
435949,6
435950,6
435951,6
435952,6
435953,6
435954,6
435955,6
435956,6
435957,6
435958,6
435959,6
435960,6
435961,2
435962,2
435963,2
435964,2
435965,2
435966,2
435967,2
435968,2
435969,2
435971,2
435972,2
435975,2
435976,2
435977,2
435978,2
435979,2
435980,2
435981,2
435983,2
435984,2
435985,2
435986,2
435987,2
435988,2
435989,2
435990,2
435991,2
435992,6
435993,1
435997,2
435998,1
436000,2
436001,2
436002,2
436003,2
436004,2
436005,2
436006,2
436007,2
436008,2
436009,2
436010,2
436011,2
436012,2
436013,2
436014,2
436015,2
436016,2
436017,2
436018,2
436019,2
436020,2
436021,2
436022,2
436023,2
436024,2
436025,2
436026,2
436027,2
436028,2
436030,2
436033,6
436034,6
436035,6
436036,6
436037,6
436038,6
436039,6
436040,6
436041,6
436042,6
436043,6
436044,6
436045,6
436046,6
436047,6
436048,4
436049,4
436052,8
436053,8
436055,8
436056,8
436057,2
436060,4
436061,4
436062,4
436063,4
436064,4
436065,4
436068,9
436075,2
436076,2
436077,4
436078,4
436079,1
436080,2
436081,2
436083,2
436084,2
436085,2
436086,2
436088,2
436089,2
436090,2
436091,2
436092,2
436093,2
436095,2
436098,8
436099,6
436100,8
436101,6
436102,6
436103,6
436104,6
436105,1
436106,1
436107,2
436108,1
436114,2
436115,2
436116,2
436118,1
436119,1
436120,2
436121,2
436122,2
436123,2
436138,2
436139,2
436140,2
436141,2
436144,2
436145,2
436149,2
436150,2
436152,2
436153,2
436162,2
436168,2
436174,2
436175,2
436176,2
436177,2
436178,2
436179,2
436180,2
436182,4
436183,4
436184,2
436186,4
436187,2
436188,2
436189,2
436190,2
436191,2
436192,2
436193,2
436195,2
436196,2
436198,4
436199,1
436200,1
436201,1
436205,4
436206,2
436207,2
436208,6
436209,4
436210,4
436211,4
436212,4
436213,1
436214,1
436215,1
436216,1
436217,1
436221,4
436222,1
436223,2
436224,2
436225,2
436226,2
436227,2
436228,2
436229,4
436230,1
436235,1
436236,1
436238,1
436239,1
436240,1
436241,2
436243,8
436244,6
436245,6
436246,8
436248,4
436252,4
436253,4
436254,4
436255,4
436256,4
436257,4
436258,4
436260,4
436261,4
436262,4
436266,4
436267,4
436268,1
436269,1
436270,1
436271,6
436278,2
436280,14
436283,8
436286,6
436287,6
436288,4
436290,1
436291,1
436292,2
436293,2
436294,2
436295,2
436296,2
436297,2
436300,6
436301,4
436302,4
436305,4
436309,4
436310,6
436311,8
436312,2
436318,2
436319,1
436320,1
436321,1
436322,1
436323,1
436324,1
436325,1
436326,1
436327,1
436329,2
436331,8
436333,6
436334,8
436335,8
436337,8
436338,6
436339,6
436340,6
436341,6
436342,6
436343,6
436344,4
436345,6
436346,4
436347,4
436397,4
436398,4
436399,1
436404,1
436406,2
436407,1
436408,2
436409,8
436410,6
436413,8
436415,4
436416,8
436418,2
436419,2
436420,2
436422,8
436423,1
436426,4
436427,4
436428,9
436431,1
436432,1
436433,1
436434,1
436435,1
436436,1
436438,1
436439,1
436440,1
436441,1
436442,2
436445,8
436446,2
436448,2
436449,2
436450,2
436451,2
436452,8
436453,4
436454,2
436455,2
436456,9
436472,6
436480,8
436481,2
436482,2
436483,2
436484,2
436485,4
436489,8
436490,8
436491,8
436492,8
436493,8
436495,9
436496,9
436497,9
436498,8
436499,6
436502,4
436503,1
436504,9
436509,8
436510,8
436511,8
436515,8
436519,2
436520,1
436521,8
436522,8
436523,8
436524,2
436525,2
436526,2
436527,2
436528,2
436529,2
436530,2
436531,2
436532,2
436533,2
436534,2
436535,2
436536,2
436538,6
436539,6
436541,1
436542,2
436543,2
436544,2
436545,1
436546,2
436547,1
436548,1
436549,1
436550,1
436551,1
436552,1
436553,1
436554,1
436555,4
436556,4
436557,4
436558,4
436559,4
436560,4
436561,8
436567,6
436568,6
436569,2
436570,4
436571,4
436572,6
436573,6
436574,6
436575,6
436576,4
436577,4
436579,1
436580,1
436581,1
436582,1
436583,1
436584,1
436586,1
436587,1
436588,1
436590,1
436591,1
436593,1
436594,1
436595,1
436596,1
436597,1
436598,1
436599,1
436600,1
436601,1
436602,9
436603,4
436604,4
436607,1
436609,2
436615,4
436616,4
436617,4
436618,4
436619,4
436620,4
436621,4
436622,4
436623,4
436624,4
436625,4
436626,4
436627,4
436628,4
436630,4
436631,2
436632,2
436634,1
436636,4
436637,4
436638,6
436641,4
436642,4
436643,6
436644,2
436645,2
436647,4
436648,4
436652,4
436653,4
436656,1
436657,6
436658,6
436659,6
436660,6
436664,6
436665,6
436667,6
436668,6
436669,6
436670,6
436671,4
436672,4
436675,4
436676,4
436677,4
436678,4
436679,4
436680,4
436683,2
436684,1
436685,1
436686,1
436687,1
436688,1
436689,1
436690,1
436691,1
436692,1
436693,1
436698,4
436699,2
436702,6
436703,2
436704,2
436705,2
436706,2
436707,2
436708,2
436709,2
436721,6
436722,6
436724,2
436725,2
436729,6
436731,11
436732,11
436733,8
436736,8
436738,6
436739,6
436741,6
436743,9
436745,11
436747,6
436749,6
436751,9
436752,4
436757,9
436760,8
436761,8
436762,8
436769,8
436770,6
436771,6
436772,2
436774,2
436776,4
436780,2
436781,6
436782,1
436784,4
436785,2
436787,2
436788,4
436789,4
436790,4
436791,6
436793,6
436794,6
436795,6
436796,6
436797,6
436798,4
436799,4
436801,8
436802,6
436803,8
436805,4
436806,4
436808,1
436809,1
436810,1
436814,2
436815,2
436816,4
436817,6
436818,4
436819,3
436820,2
436821,1
436823,4
436824,4
436825,2
436826,2
436827,2
436829,2
436830,4
436831,4
436832,4
436833,3
436834,6
436835,6
436836,4
436838,4
436839,4
436840,1
436843,4
436845,2
436846,4
436847,1
436849,2
436850,2
436851,1
436852,1
436853,2
436858,4
436861,1
436863,2
436866,2
436867,2
436868,2
436869,2
436870,2
436871,4
436872,4
436873,4
436874,4
436875,1
436876,2
436877,3
436879,2
436880,2
436882,2
436883,3
436886,3
436888,6
436889,4
436890,4
436891,4
436892,8
436893,8
436895,8
436896,8
436899,8
436903,1
436904,1
436905,1
436906,1
436907,9
436908,9
436909,8
436910,8
436911,8
436912,8
436913,8
436914,8
436917,6
436918,6
436920,9
436921,3
436922,6
436923,2
436925,2
436926,2
436927,3
436928,2
436929,4
436930,4
436931,4
436932,4
436933,4
436934,4
436935,1
436936,4
436937,2
436939,2
436940,2
436941,6
436942,6
436943,2
436944,2
436945,2
436946,2
436947,2
436948,2
436949,2
436950,2
436951,2
436952,2
436954,2
436955,2
436956,2
436957,2
436960,2
436961,2
436962,2
436963,2
436964,2
436965,2
436966,8
436967,8
436968,8
436969,8
436970,2
436971,2
436974,2
436975,2
436976,4
436982,9
436984,6
436985,8
436986,6
436987,6
436988,8
436990,8
436991,6
436992,4
436994,8
436995,4
437000,8
437006,6
437007,8
437010,6
437011,8
437013,6
437014,8
437017,8
437020,9
437021,9
437023,11
437024,8
437030,8
437031,9
437033,8
437034,8
437035,8
437038,8
437039,4
437040,2
437041,2
437042,2
437043,2
437044,2
437045,2
437046,4
437049,2
437050,2
437051,2
437052,2
437053,1
437054,8
437055,8
437056,8
437057,8
437059,8
437060,8
437061,8
437062,8
437063,9
437067,1
437069,2
437070,4
437071,4
437072,4
437073,4
437074,4
437078,2
437079,2
437080,2
437081,8
437082,4
437083,8
437084,4
437085,4
437086,4
437087,4
437088,4
437089,1
437090,4
437092,2
437093,4
437094,2
437095,2
437096,2
437097,2
437098,2
437099,2
437101,4
437102,4
437103,1
437104,2
437105,2
437106,2
437107,2
437108,2
437109,2
437110,2
437111,2
437112,2
437113,2
437115,2
437117,2
437118,2
437119,2
437120,2
437121,2
437122,2
437123,2
437124,2
437125,2
437126,2
437127,2
437128,3
437129,3
437130,2
437131,2
437133,2
437135,2
437136,2
437137,3
437138,2
437143,6
437144,8
437146,6
437147,2
437148,2
437149,2
437151,6
437153,2
437154,6
437156,6
437157,6
437158,6
437159,2
437160,2
437161,1
437163,6
437164,6
437165,6
437168,6
437169,3
437170,2
437171,4
437172,4
437173,4
437174,4
437175,4
437177,1
437178,4
437179,2
437180,1
437181,1
437182,1
437183,1
437184,1
437185,1
437187,4
437188,4
437189,4
437190,4
437191,4
437192,4
437193,4
437195,8
437197,8
437198,3
437199,8
437202,8
437203,8
437204,6
437205,6
437206,6
437207,6
437208,6
437209,8
437210,8
437211,6
437212,6
437214,6
437216,6
437217,6
437218,4
437219,2
437220,2
437221,9
437222,8
437227,4
437229,6
437230,6
437231,6
437232,8
437233,4
437234,1
437235,1
437237,4
437238,4
437239,1
437241,6
437242,6
437243,9
437244,1
437245,1
437246,1
437248,9
437249,9
437250,6
437251,2
437252,2
437255,6
437256,1
437257,1
437258,1
437259,1
437260,1
437262,4
437263,4
437265,1
437268,1
437269,2
437270,2
437271,4
437273,8
437274,6
437275,6
437276,8
437279,2
437280,1
437281,1
437282,4
437283,8
437284,8
437285,8
437286,1
437290,8
437291,8
437295,2
437298,8
437299,2
437300,2
437301,2
437302,2
437303,2
437304,2
437305,2
437306,2
437307,2
437308,2
437309,2
437310,2
437311,2
437312,2
437313,2
437314,2
437316,2
437317,2
437319,2
437321,2
437322,8
437323,4
437324,6
437325,6
437326,4
437327,4
437328,4
437329,4
437330,4
437331,4
437332,8
437333,4
437336,6
437337,8
437338,8
437339,2
437340,2
437342,6
437343,2
437344,2
437346,2
437347,2
437349,2
437350,2
437351,4
437352,4
437354,2
437355,2
437356,1
437357,1
437358,1
437359,1
437360,1
437361,1
437363,1
437364,2
437365,2
437366,2
437367,2
437368,8
437373,8
437374,4
437376,4
437378,2
437380,3
437381,2
437382,3
437383,3
437384,2
437385,4
437386,4
437387,4
437388,4
437389,4
437390,4
437391,4
437392,4
437393,4
437394,4
437395,4
437396,4
437397,4
437398,4
437399,4
437400,4
437401,4
437402,4
437403,4
437404,4
437405,4
437406,4
437407,4
437408,4
437409,4
437410,4
437411,4
437412,4
437413,4
437414,4
437415,4
437416,4
437417,4
437418,6
437419,6
437420,4
437421,6
437422,6
437423,4
437424,2
437425,2
437426,2
437427,2
437428,2
437429,2
437430,2
437431,2
437432,3
437433,3
437434,2
437436,2
437437,2
437438,2
437439,2
437440,2
437441,2
437442,2
437443,1
437444,1
437445,1
437446,1
437447,1
437448,1
437449,1
437450,1
437451,1
437452,1
437453,1
437454,1
437455,4
437456,2
437457,1
437458,4
437460,2
437461,2
437462,2
437463,1
437464,1
437465,4
437467,2
437468,1
437470,1
437473,1
437476,1
437477,1
437479,1
437480,1
437481,1
437487,8
437488,8
437490,8
437492,8
437494,2
437495,2
437496,4
437498,1
437499,1
437500,1
437501,1
437502,1
437503,1
437504,1
437505,1
437506,4
437507,4
437508,4
437509,8
437510,8
437512,3
437513,2
437514,2
437515,2
437516,2
437517,2
437518,2
437519,2
437520,2
437523,4
437525,4
437526,4
437527,4
437528,4
437529,4
437530,6
437531,4
437532,4
437533,4
437535,4
437536,4
437539,4
437540,6
437542,6
437543,6
437544,6
437545,4
437546,4
437547,4
437548,4
437549,4
437564,6
437585,4
437586,4
437587,4
437588,4
437589,4
437590,4
437591,4
437592,4
437593,4
437598,6
437600,6
437607,6
437609,6
437610,6
437612,8
437630,6
437631,2
437633,4
437636,1
437637,2
437638,6
437639,8
437640,2
437641,2
437642,2
437643,1
437645,6
437646,6
437647,2
437648,1
437649,9
437652,8
437654,2
437655,2
437656,2
437657,2
437658,2
437659,2
437660,1
437662,2
437670,3
437671,2
437672,3
437674,6
437675,9
437676,9
437677,9
437678,9
437679,9
437680,2
437681,2
437682,2
437683,2
437684,2
437685,2
437686,2
437687,4
437688,4
437697,4
437698,8
437699,6
437700,4
437703,4
437704,3
437705,3
437706,3
437707,3
437722,8
437724,8
437725,6
437729,4
437734,4
437736,9
437740,8
437741,8
437742,9
437745,4
437747,4
437748,4
437749,4
437750,4
437751,3
437754,2
437755,2
437756,2
437757,4
437759,6
437760,1
437763,4
437764,1
437766,6
437768,6
437769,4
437770,8
437771,8
437772,8
437775,2
437776,4
437777,4
437778,4
437779,4
437780,4
437781,4
437784,4
437787,3
437788,1
437794,1
437795,1
437804,1
437812,1
437815,1
437817,4
437819,6
437820,6
437821,6
437822,6
437823,6
437824,6
437825,6
437826,6
437827,6
437828,6
437830,6
437832,6
437834,2
437835,2
437836,2
437837,2
437838,2
437839,2
437841,1
437842,1
437843,1
437844,1
437846,2
437847,2
437848,3
437849,8
437850,8
437851,8
437852,2
437853,2
437854,2
437857,4
437858,4
437859,8
437860,2
437861,4
437862,4
437864,1
437865,1
437866,9
437867,4
437868,4
437869,4
437870,4
437871,4
437872,4
437873,4
437874,4
437875,4
437876,4
437877,4
437878,4
437879,4
437880,4
437881,4
437882,2
437883,6
437884,6
437885,1
437886,1
437887,2
437888,2
437889,6
437890,6
437891,6
437892,8
437893,4
437894,1
437895,2
437896,2
437897,4
437898,1
437899,1
437900,1
437902,2
437903,2
437909,8
437910,8
437912,8
437914,4
437915,4
437916,2
437917,4
437918,4
437919,4
437920,4
437921,4
437922,4
437923,2
437925,1
437926,1
437927,1
437928,1
437935,2
437936,2
437937,4
437939,2
437941,1
437942,2
437943,2
437944,2
437945,4
437953,4
437954,1
437955,4
437956,4
437957,8
437964,2
437965,2
437966,2
437967,2
437968,1
437970,4
437971,4
437972,4
437973,2
437974,2
437975,2
437977,4
437978,6
437979,2
437980,2
437983,4
437984,2
437985,3
437986,4
437987,2
437988,2
437989,2
437990,2
437991,2
437995,2
437996,2
437997,2
437998,2
437999,2
438000,2
438001,3
438002,2
438003,2
438004,2
438005,2
438006,2
438007,3
438008,3
438009,2
438010,2
438011,2
438012,2
438013,2
438014,2
438015,2
438016,2
438018,2
438020,9
438023,1
438024,1
438025,4
438026,1
438030,2
438031,2
438032,2
438033,2
438098,2
438099,2
438100,1
438101,1
438102,1
438103,1
438105,1
438106,1
438107,2
438110,2
438112,4
438113,2
438116,1
438117,1
438118,2
438123,2
438126,1
438127,1
438128,1
438129,1
438130,1
438132,1
438134,6
438136,2
438139,6
438144,2
438156,2
438158,2
438159,2
438169,4
438338,6
438373,4
438374,4
438375,4
438376,4
438377,4
438378,4
438379,4
438380,4
438381,2
438386,3
438387,4
438389,2
438390,4
438407,4
438417,2
438423,9
438427,6
438432,6
438434,2
438435,2
438449,2
438465,4
438466,9
438467,6
438490,4
438510,2
438541,2
438543,4
438545,2
438546,1
438551,2
438559,2
438590,2
438603,1
438605,9
438616,2
438617,2
438618,2
438619,2
438620,2
438622,2
438623,2
438624,1
438625,1
438626,2
438627,2
438628,2
438629,2
438632,2
438633,2
438634,2
438635,2
438636,2
438637,2
438638,2
438640,1
438641,1
438642,1
438643,1
438644,1
438645,1
438646,1
438647,2
438648,1
438649,2
438650,1
438652,2
438653,2
438654,1
438655,2
438658,2
438659,2
438660,2
438661,2
438662,2
438663,2
438664,2
438665,2
438666,2
438667,2
438668,2
438669,2
438670,2
438671,2
438672,2
438673,2
438674,2
438675,2
438676,1
438677,1
438678,2
438679,2
438688,6
438690,4
438691,8
438722,2
438724,4
438726,1
438727,1
438737,2
438738,2
438754,11
438761,8
438776,4
438783,3
438813,6
438814,2
438815,2
438816,2
438817,2
438818,2
438819,2
438820,2
438821,2
438822,3
438823,2
438824,4
438836,2
438844,2
438845,2
438848,2
438849,2
438850,1
438857,2
438887,2
438947,2
438948,1
438949,2
438950,2
438951,2
438952,2
438953,2
438954,2
439065,2
439081,6
439118,1
439120,1
439122,2
439327,8
439333,2
439337,2
439343,2
439344,2
439346,2
439349,2
439350,2
439351,2
439352,2
439353,2
439354,2
439355,2
439356,2
439357,2
439358,2
439359,1
439360,2
439361,2
439362,2
439363,2
439364,2
439365,1
439366,1
439367,1
439368,2
439369,2
439370,1
439371,2
439372,2
439373,2
439374,2
439375,2
439376,2
439377,2
439378,2
439379,2
439380,2
439381,2
439382,2
439383,1
439384,2
439385,2
439386,2
439387,2
439388,2
439389,1
439390,2
439391,2
439392,2
439393,2
439394,2
439395,2
439396,2
439397,1
439398,2
439399,1
439400,1
439401,1
439402,1
439403,1
439404,1
439406,1
439407,2
439408,2
439409,2
439410,2
439411,1
439413,1
439553,4
439631,2
439760,1
439761,2
439762,1
439763,2
439764,2
439765,2
439766,2
439767,2
439768,2
439769,2
439844,2
439933,4
439977,6
440326,4
440327,2
440328,2
440329,2
440330,2
440331,2
440332,2
440333,1
440334,1
440335,2
440336,2
440337,4
440338,2
440339,2
440340,2
440341,2
440342,2
440343,2
440344,1
440345,1
440346,2
440347,2
440348,2
440349,1
440350,2
440351,2
440352,2
440353,2
440354,1
440355,2
440356,2
440357,2
440358,4
440359,1
440360,2
440361,2
440362,2
440363,2
440364,2
440365,2
440366,2
440367,2
440368,2
440369,2
440370,2
440371,2
440372,2
440373,2
440374,1
440375,1
440376,1
440377,1
440378,1
440379,1
440380,2
440386,2
440393,6
440407,2
440408,2
440409,2
440459,2
440460,2
440464,1
440568,1
440723,2
440725,2
440726,2
440727,2
440729,2
440840,8
440847,1
440888,2
440900,4
440985,9
441024,4
441104,2
441111,2
441115,1
441226,2
441227,6
441229,4
441230,4
441233,6
441234,1
441350,2
441351,2
441352,2
441353,2
441354,2
441355,2
441356,2
441357,2
441358,2
441359,2
441360,2
441363,1
441364,2
441367,2
441369,2
441370,2
441374,2
441378,2
441755,2
441768,2
441769,1
441933,2
441965,1
441967,2
441969,2
441971,4
442183,4
442356,4
442488,4
442761,4
442849,2
450504,2
450749,1
451254,8
451255,4
451256,8
452207,1
453283,1
456949,1
457772,3
457774,3
457781,4
457785,13
457788,1
457790,3
457798,3
457799,3
457972,3
458013,2
458047,13
458048,3
458644,13
458738,13
458947,3
458953,9
458954,9
458955,9
458956,9
458960,9
458961,9
458963,9
458964,9
458965,8
458966,8
458967,8
458970,8
458971,8
458972,8
458973,8
458974,8
458975,8
458976,8
458977,8
458978,8
458979,8
458980,8
458981,8
458982,8
458983,8
458985,8
458986,8
458987,2
458988,2
458989,2
458990,8
458991,8
458992,8
458993,8
458994,8
458995,8
458996,8
458997,2
458999,9
459000,9
459001,8
459002,9
459003,9
459004,9
459005,9
459006,9
459007,8
459008,8
459009,8
459011,8
459012,8
459013,8
459014,8
459015,8
459016,8
459017,8
459018,8
459019,8
459020,9
459021,11
459022,11
459023,8
459024,8
459025,8
459026,8
459027,8
459028,8
459029,1
459030,1
459031,1
459032,1
459033,1
459034,4
459035,4
459036,4
459037,8
459038,8
459039,6
459040,8
459041,9
459042,8
459043,8
459044,9
459045,9
459046,11
459047,9
459049,8
459050,2
459051,8
459052,8
459053,8
459054,8
459055,8
459056,8
459057,8
459058,8
459059,6
459060,8
459063,6
459065,6
459066,6
459067,6
459068,4
459069,4
459070,8
459071,8
459072,8
459073,8
459074,6
459075,8
459076,8
459077,6
459078,6
459079,6
459080,6
459081,4
459082,4
459083,4
459084,4
459085,4
459086,4
459087,6
459088,6
459089,4
459090,1
459091,1
459092,2
459093,2
459094,3
459095,2
459096,2
459098,2
459099,2
459100,2
459101,2
459102,2
459103,2
459104,2
459105,2
459106,2
459107,2
459108,2
459109,2
459110,2
459111,2
459112,2
459113,2
459114,2
459115,1
459116,2
459117,2
459118,2
459119,2
459120,2
459121,2
459122,2
459123,2
459124,2
459125,6
459126,2
459127,1
459128,2
459129,9
459131,9
459132,9
459133,9
459134,9
459135,9
459136,9
459139,3
459140,3
459141,3
459142,3
459143,3
459144,3
459145,3
459146,2
459147,3
459148,3
459149,3
459150,3
459151,3
459152,2
459153,3
459154,3
459155,3
459156,3
459157,2
459158,3
459159,3
459160,3
459161,3
459162,3
459163,3
459164,3
459165,3
459166,3
459167,3
459168,3
459169,3
459170,3
459171,3
459172,2
459173,2
459174,2
459175,3
459176,2
459177,11
459178,11
459182,3
459257,8
459258,8
459359,3
459926,3
460151,9
460152,9
460319,3
460330,3
460362,3
460374,3
460395,3
460401,3
460420,3
460428,3
460599,2
460635,3
460647,3
460686,3
460962,3
460969,3
460987,3
460996,3
461018,3
461041,3
461126,3
461180,3
461185,3
461186,2
461188,3
461190,3
461192,3
461288,3
461292,3
461294,3
461325,3
461366,2
461367,3
461444,3
461643,3
461658,3
461663,3
461664,3
461665,3
461667,3
461668,3
461670,3
461671,3
461673,3
461675,3
461676,3
461677,3
461678,3
461679,3
461680,3
461681,3
461682,3
461683,3
461684,3
461688,3
461689,3
462345,3
469892,9
470328,8
470600,9
470873,8
470874,8
470875,9
470876,9
470877,9
470878,9
470919,9
470920,9
470921,8
471223,8
471730,8
471903,8
471904,9
471905,9
472301,9
473058,7
473161,7
480513,2
480553,3
480566,3
480569,3
480585,3
480594,3
480597,3
480657,3
480661,3
480702,3
480704,3
480718,3
480725,3
480737,3
480738,3
480740,3
480811,3
480894,3
480896,3
480898,3
480900,3
480909,3
480911,3
480912,3
480914,3
480930,3
480931,3
480953,3
480985,3
480987,3
480988,3
480989,3
480992,3
480993,3
480996,3
480997,3
480998,3
481000,3
481004,3
481017,3
481023,3
481024,3
481025,3
481027,3
481028,3
481029,3
481030,3
481031,3
481032,3
481033,3
481036,3
481038,3
481135,3
481136,3
481148,3
481152,3
481164,3
481165,3
481189,3
481190,3
481197,3
481226,3
481233,3
481234,3
481235,3
481429,3
481430,3
481432,3
481433,3
481434,3
481435,3
481436,3
481437,3
481438,3
481441,3
481446,3
481450,3
481452,3
481453,3
481455,3
481457,3
481459,3
481467,3
481468,3
481484,3
481485,3
481486,3
481487,2
481489,3
481494,3
481496,3
481498,3
481499,3
481500,3
481501,3
481502,3
481503,3
481504,3
481505,3
481518,3
481549,3
481634,3
481639,3
481643,3
481644,3
481657,3
481664,3
481669,3
481671,3
481685,3
481687,3
481689,3
481691,3
481695,3
481696,3
481712,3
481753,3
481755,3
481756,3
481763,3
481767,3
481772,3
481774,3
481780,3
481784,3
481785,3
481855,3
481859,3
481860,3
481861,3
481866,3
481868,3
481871,3
481874,3
481905,3
481912,3
481917,3
481920,3
481922,2
481923,3
481925,3
481926,3
481927,3
481928,2
481933,3
481950,3
481951,3
481952,3
481960,3
481961,3
481962,3
481968,3
481969,3
481985,3
481994,3
481998,3
482000,3
482001,3
482005,3
482006,3
482007,3
482020,3
482021,3
482023,3
482024,3
482057,3
482058,3
482067,3
482070,3
482071,3
482089,3
482090,3
482095,3
482097,3
482110,3
482111,3
482116,3
482122,3
482133,3
482135,3
482195,3
482198,3
482211,3
482213,3
482214,3
482239,3
482245,3
482260,3
482261,3
482262,3
482264,3
482265,3
482267,3
482270,3
482279,3
482282,3
482287,3
482288,3
482300,3
482305,3
482306,3
482311,3
482313,3
482314,3
482315,3
482316,3
482317,3
482318,3
482362,3
482363,3
482370,3
482377,3
482378,3
482381,3
482388,3
482391,3
482392,3
482399,3
482406,3
482413,3
482414,3
482415,3
482418,3
482421,3
482424,3
482426,3
482427,3
482468,3
482469,3
482470,3
482471,3
482472,3
482474,3
482483,3
482484,3
482491,3
482510,3
482511,3
482518,3
482528,3
482535,3
482543,3
482558,3
482564,3
482588,3
482592,3
482595,3
482596,3
482597,3
482598,3
482599,3
482600,3
482601,3
482602,3
482603,3
482604,3
482605,3
482607,3
482613,3
482616,3
482624,3
482625,3
482626,3
482630,3
482632,3
482633,3
482634,3
482635,3
482639,3
482659,3
482660,3
482662,3
482667,3
482668,3
482672,3
482673,3
482677,3
482690,3
482697,3
482698,3
482699,3
482700,3
482704,3
482705,3
482711,3
482719,3
482720,3
482722,3
482729,3
482730,3
482731,3
482732,3
482738,3
482740,3
482746,3
482752,3
482801,3
482803,3
482809,3
482810,3
482811,3
482817,3
482819,3
482820,3
482825,3
482829,3
482835,3
482836,3
482967,3
482975,3
482976,3
482980,3
482981,3
482982,3
482984,3
482999,3
483000,3
483001,3
483009,3
483031,3
483032,3
483033,3
483038,3
483039,3
483040,3
483042,3
483066,3
483102,3
483105,3
483106,3
483107,3
483113,3
483117,3
483118,3
483124,3
483135,3
483160,3
483161,3
483162,3
483166,3
483167,3
483168,3
483171,3
483174,3
483176,3
483178,3
483198,3
483199,3
483201,3
483202,3
483230,3
483231,3
483234,3
483235,3
483246,3
483257,3
483268,3
483279,3
483290,3
483301,3
483312,3
483322,3
483330,3
483333,3
483334,3
483344,3
483355,3
483366,3
483377,3
483388,2
483440,3
483494,3
483504,3
483515,3
483526,3
483537,3
483548,3
483560,3
483561,3
483562,3
483565,3
483590,3
483762,3
483767,3
483846,3
483869,3
483870,3
483871,3
483872,3
483873,3
483878,3
483879,3
483883,3
483884,3
483885,3
483906,3
483907,3
483918,3
483925,3
483928,3
484154,3
484155,3
484178,3
484179,3
484180,3
484184,3
484188,3
484193,3
484194,3
484212,3
484215,3
484220,3
484222,3
484249,3
484258,3
484259,3
484260,3
484264,3
484274,3
484275,3
484344,3
484360,3
484361,3
484362,3
484372,3
484385,3
484387,3
484389,3
484399,3
484400,3
484402,3
484409,3
484416,3
484418,3
484419,3
484420,3
484423,3
484425,3
484427,3
484429,3
484432,3
484433,3
484437,3
484438,3
484453,2
484457,3
484462,3
484470,3
484506,3
484522,3
484524,3
484525,3
484526,3
484530,3
484533,3
484534,3
484535,3
484536,3
484537,3
484556,3
484558,3
484559,3
484561,3
484562,3
484563,3
484564,3
484574,3
484636,3
484638,3
484641,3
484653,3
484655,3
484679,3
484680,3
484681,3
484682,3
484683,3
484684,3
484685,3
484686,3
484687,3
484688,3
484690,3
484691,3
484693,3
484694,3
484697,3
484700,3
484701,3
484716,3
484717,3
484718,3
484723,3
484726,3
484729,3
484730,3
484735,3
484736,3
484737,3
484738,3
484749,3
484753,3
484754,3
484755,3
484757,3
484760,3
484763,3
484764,3
484767,3
484771,3
484775,3
484782,3
484787,3
484789,3
484799,3
484803,3
484827,3
484828,3
484829,3
484830,3
484831,3
484832,3
484833,3
484835,3
484836,3
484837,3
484857,3
484879,3
484880,3
484885,3
484891,3
484894,3
484905,3
484935,3
484938,3
484942,3
484943,3
484952,3
484954,3
484957,3
484959,3
484962,3
484963,3
484964,3
484965,3
484969,3
484970,3
484972,3
485022,3
485031,3
485033,3
485034,3
485039,3
485041,3
485043,3
485044,3
485058,3
485059,3
485063,3
485073,3
485074,3
485075,3
485145,3
485146,3
485147,3
485156,3
485164,3
485188,3
485191,3
485194,3
485196,3
485203,3
485204,3
485205,3
485210,3
485211,3
485213,3
485214,3
485216,3
485217,3
485218,3
485219,3
485221,3
485222,3
485226,3
485230,3
485243,3
485244,3
485245,3
485249,3
485252,3
485253,3
485255,3
485256,3
485289,3
485302,3
485305,3
485308,3
485312,3
485315,3
485318,3
485319,3
485320,3
485325,3
485338,3
485339,3
485347,3
485348,3
485350,3
485352,3
485378,3
485385,3
485386,3
485387,3
485403,3
485405,3
485406,3
485407,3
485411,3
485415,3
485416,3
485420,3
485424,3
485436,3
485437,3
485500,3
485502,3
485503,3
485507,3
485515,3
485516,3
485517,3
485551,3
485555,3
485633,3
485639,3
485654,3
485667,3
485682,3
485683,3
485685,3
485687,3
485694,3
485699,3
485702,3
485703,3
485705,3
485706,3
485713,3
485714,3
485717,3
485719,3
485720,3
485723,3
485724,3
485725,3
485729,3
485730,3
485731,3
485732,3
485751,3
485759,3
485760,3
485761,3
485768,3
485769,3
485775,3
485787,3
485788,3
485795,3
485797,3
485798,3
485803,3
485804,3
485805,3
485806,3
485807,3
485820,3
485821,3
485827,3
485840,3
485842,3
485843,3
485900,3
485901,3
485903,3
485910,3
485911,3
485914,3
485922,3
485923,3
485924,3
485934,3
485944,3
485945,3
485946,3
485962,3
485963,3
486005,3
486007,3
486008,3
486009,3
486010,3
486011,3
486012,3
486014,3
486037,3
486038,3
486042,3
486043,3
486044,3
486045,3
486049,3
486053,3
486054,3
486055,3
486060,3
486072,3
486074,3
486075,3
486081,3
486160,3
486161,3
486162,3
486163,3
486180,3
486182,3
486184,3
486186,3
486188,3
486189,3
486190,3
486191,3
486192,3
486196,3
486197,3
486203,3
486206,3
486225,3
486231,3
486237,3
486238,3
486239,3
486244,3
486245,3
486246,3
486251,3
486252,3
486255,3
486256,3
486258,3
486259,3
486265,3
486267,3
486270,3
486271,3
486272,3
486273,3
486274,3
486275,3
486276,3
486277,3
486278,3
486279,3
486280,3
486281,3
486282,3
486283,3
486284,3
486285,3
486286,3
486288,3
486291,3
486296,3
486298,3
486299,3
486301,3
486304,3
486307,3
486308,3
486309,3
486311,3
486315,3
486316,3
486321,3
486322,3
486323,3
486324,3
486325,3
486326,3
486327,3
486328,3
486329,3
486335,3
486336,3
486337,3
486338,3
486339,3
486351,3
486359,3
486363,3
486366,3
486371,3
486374,3
486375,3
486376,3
486392,3
486393,3
486395,3
486397,3
486398,3
486401,3
486406,3
486407,3
486408,3
486414,3
486415,3
486419,3
486423,3
486424,3
486428,3
486429,3
486522,3
486531,3
486578,3
486581,3
486582,3
486583,3
486590,3
486595,3
486596,3
486598,3
486600,3
486611,3
486633,3
486652,3
486656,3
486657,3
486658,3
486660,3
486662,3
486665,3
486669,3
486670,3
486686,3
486694,3
486702,3
486705,3
486726,3
486735,3
486738,3
486739,3
486740,3
486741,3
486742,3
486743,3
486744,3
486745,3
486750,3
486753,3
486754,3
486755,3
486758,3
486759,3
486760,3
486765,3
486766,3
486767,3
486768,3
486772,3
486773,3
486783,3
486788,3
486789,3
486790,3
486814,3
486820,3
486823,3
486836,3
486838,3
486839,3
486840,3
486841,3
486842,3
486843,3
486844,3
486845,3
486846,3
486847,3
486850,3
486878,3
486879,3
486881,3
486893,3
486894,3
486895,3
486909,3
486920,3
486921,3
486923,3
486939,3
486950,3
486951,3
486970,3
486983,3
486996,3
487030,3
487031,3
487032,3
487036,3
487039,3
487065,3
487081,3
487084,3
487085,3
487086,3
487097,3
487141,3
487144,3
487166,3
487182,3
487337,3
487338,3
487400,3
487463,3
487558,3
487582,3
487604,3
487609,3
487682,3
487688,3
487695,3
487713,3
487715,3
487717,3
487718,3
487719,3
487720,3
487723,3
487724,3
487725,3
487727,3
487741,3
487759,3
487762,3
487764,3
487765,3
487767,3
487768,3
487769,3
487781,3
487806,3
487807,3
487826,3
487827,3
487832,3
487833,3
487834,3
487835,3
487836,3
487844,3
487846,3
487848,3
487849,3
487850,3
487857,3
487858,3
487859,3
487860,3
487862,3
487864,3
487868,3
487870,3
487871,3
487872,3
487901,3
487904,3
487905,3
487929,3
487930,3
487964,3
487965,3
487978,3
487981,3
487982,3
487992,3
487998,3
488001,3
488004,3
488015,3
488017,3
488029,3
488030,3
488031,3
488032,3
488033,3
488034,3
488035,3
488036,3
488037,3
488038,3
488039,3
488041,3
488042,3
488044,3
488045,3
488060,3
488089,3
488090,3
488091,3
488092,3
488107,2
488108,3
488125,3
488126,3
488128,3
488135,3
488146,3
488147,3
488153,3
488154,3
488155,3
488156,3
488161,3
488164,3
488166,2
488167,3
488168,2
488169,3
488194,3
488206,3
488207,3
488221,3
488229,3
488231,3
488233,3
488259,3
488266,3
488276,3
488291,3
488292,3
488293,3
488294,3
488295,3
488300,3
488301,3
488315,3
488317,3
488319,3
488429,3
488462,3
488464,3
488472,3
488479,3
488480,3
488481,3
488482,3
488484,3
488485,3
488486,3
488487,3
488488,3
488489,3
488490,3
488491,3
488492,3
488493,3
488495,3
488496,3
488497,3
488563,3
488564,3
488577,3
488596,3
488600,3
488605,3
488607,3
488608,3
488609,3
488610,3
488611,3
488613,3
488614,3
488615,3
488618,3
488619,3
488620,3
488621,3
488622,3
488623,3
488625,3
488626,3
488628,3
488629,3
488632,3
488643,3
488645,3
488647,3
488649,3
488650,3
488651,3
488655,3
488659,3
488660,3
488662,3
488664,3
488668,3
488674,3
488675,3
488676,3
488685,3
488687,3
488689,3
488690,3
488692,3
488693,3
488694,3
488695,3
488697,3
488702,3
488710,3
488711,3
488722,3
488723,3
488725,3
488726,3
488727,3
488730,3
488731,3
488732,3
488733,3
488734,3
488735,3
488745,3
488750,3
488756,3
488757,3
488758,3
488760,3
488761,3
488763,3
488764,3
488765,3
488766,3
488768,3
488771,3
488772,3
488773,3
488774,3
488777,3
488778,3
488781,3
488782,3
488783,3
488787,3
488790,3
488791,3
488800,3
488801,3
488807,3
488820,3
488825,3
488826,3
488840,3
488841,3
488842,3
488853,2
488856,3
488876,3
488879,3
488880,3
488883,3
488885,3
488886,3
488887,3
488889,3
488890,3
488891,3
488892,3
488893,3
488897,3
488900,3
488903,3
488904,3
488906,3
488908,3
488909,3
488910,3
488911,3
488914,3
488915,3
488916,3
488917,3
488920,3
488922,3
488927,3
488928,3
488936,3
488937,3
488938,3
488943,3
488944,3
488954,3
488955,3
488960,3
488964,3
488970,3
488973,3
488974,3
488975,3
488976,3
488977,3
488978,3
488979,3
488981,3
489009,3
489011,3
489012,3
489020,3
489052,3
489055,3
489056,3
489057,3
489058,3
489059,3
489060,3
489062,2
489063,3
489064,3
489100,3
489102,3
489124,3
489126,3
489127,3
489131,3
489141,3
489143,3
489156,3
489164,3
489223,3
489227,2
489228,2
489238,3
489245,3
489246,3
489252,3
489258,3
489260,3
489262,3
489263,3
489281,3
489301,3
489302,3
489304,3
489305,3
489306,3
489307,3
489321,3
489324,3
489330,3
489335,3
489336,3
489337,3
489343,3
489346,3
489348,3
489349,3
489359,3
489360,3
489403,3
489404,2
489407,3
489408,3
489409,3
489421,3
489431,3
489498,3
489502,3
489503,3
489504,3
489511,3
489513,3
489537,3
489541,3
489542,3
489543,3
489544,3
489545,3
489546,3
489548,3
489549,3
489550,3
489551,3
489552,3
489553,3
489554,3
489555,3
489556,2
489558,3
489559,3
489573,3
489581,3
489586,3
489587,3
489589,3
489598,3
489623,3
489624,3
489625,3
489626,2
489627,3
489629,3
489630,3
489631,3
489632,3
489633,3
489634,3
489636,3
489637,3
489638,3
489640,3
489641,3
489642,3
489643,3
489645,3
489653,3
489674,3
489687,3
489693,3
489700,3
489701,3
489702,3
489707,3
489709,3
489713,3
489714,3
489715,3
489766,3
489800,3
489803,3
489804,3
489806,3
489807,3
489808,3
489809,3
489810,3
489812,3
489813,3
489814,3
489822,3
489871,3
489963,3
489964,3
489966,3
489967,3
489968,3
489969,3
489970,3
489971,3
489972,3
489974,3
489975,3
489976,3
489977,3
489982,3
489983,3
489986,3
489987,3
489988,3
489989,3
489990,3
489991,3
489994,3
489995,3
489996,3
489997,3
489998,2
490001,3
490002,3
490003,3
490004,3
490005,3
490008,3
490009,3
490010,3
490011,3
490012,3
490013,3
490014,3
490018,3
490020,3
490021,3
490022,3
490024,3
490025,3
490028,3
490029,3
490030,3
490031,3
490032,3
490033,3
490034,3
490035,2
490036,3
490037,3
490038,3
490039,3
490060,3
490064,3
490068,3
490078,3
490081,3
490093,3
490097,3
490117,3
490120,3
490127,3
490128,3
490131,3
490146,2
490147,2
490175,3
490176,3
490177,3
490181,3
490182,3
490183,3
490184,3
490187,3
490190,3
490191,3
490192,3
490193,3
490194,3
490195,3
490196,3
490197,3
490201,3
490202,3
490204,3
490205,3
490206,3
490209,3
490212,3
490213,3
490214,3
490216,3
490217,3
490218,3
490219,3
490220,3
490225,3
490227,3
490229,3
490232,3
490243,3
490244,3
490248,3
490254,3
490255,3
490256,3
490259,3
490260,3
490261,3
490587,3
490677,3
490678,3
490739,3
490750,2
490751,2
490814,3
490834,3
490941,3
491233,3
491234,3
491283,3
491290,3
491292,3
491586,3
491587,3
491647,3
491708,3
491719,3
491760,3
491764,3
491799,3
491804,3
491857,3
491923,3
491924,3
491963,3
491964,3
491967,3
492055,13
492277,2
492319,3
492337,3
492345,3
492358,3
492371,3
492373,3
492420,3
492421,3
492428,3
492460,3
492486,3
492495,3
492691,3
492694,13
492697,3
492698,3
492699,3
492700,3
492701,3
492702,3
492729,3
492730,3
492731,3
492732,3
492733,3
492734,3
492735,3
492736,3
492737,3
492738,3
492745,3
492746,3
492757,13
492759,3
492825,3
493210,3
493214,3
493552,3
493602,3
493628,3
493629,13
493694,3
493756,3
493758,3
493764,3
493793,3
493874,3
493875,3
493876,3
493903,3
494057,3
494061,13
494302,3
494303,3
494306,3
494387,13
494418,3
494509,3
494822,3
494824,3
494826,3
494837,3
494981,3
495130,13
495161,13
495238,3
495241,13
495248,3
495261,3
495270,3
495279,3
495297,3
495311,13
495318,3
495325,3
495450,3
495545,3
495554,13
495585,3
496094,13
496203,2
496213,13
496214,13
496217,13
496229,3
496230,3
496231,3
497082,3
497112,3
497143,13
497600,13
497769,3
498256,13
498390,3
498560,13
498617,3
498651,13
498803,13
498804,13
498808,3
498809,3
499032,3
499034,3
499035,3
499484,3
499550,3
499553,3
499566,3
499631,13
499663,13
499732,13
500031,13
500032,13
500033,13
500192,3
500193,3
500194,3
500399,3
500421,3
500430,3
500431,3
500436,3
500456,13
500488,3
504538,3
505722,1
623093,13
625023,13
625307,13
626692,4
629108,3
629928,2
631270,3
631633,3
631985,4
632918,3
632919,3
632920,3
632921,3
632922,3
632923,3
632925,3
632926,3
632927,3
632928,3
632933,3
632936,3
632937,3
632939,3
632940,3
632942,3
632944,3
632947,3
632950,3
632951,3
632952,3
632953,3
632954,3
632955,3
632956,3
632957,3
632958,3
632959,3
632960,3
632961,3
632962,3
632963,3
632964,3
632965,3
632966,3
632967,3
632968,3
632969,3
632970,3
632971,3
632972,3
632973,3
632974,3
632975,3
632976,3
632977,3
632978,3
632979,3
632980,3
632981,3
632982,3
632983,3
632984,3
632985,3
632986,3
632987,3
632988,3
632989,3
632990,3
632991,3
632992,3
632993,3
632994,3
632995,3
632996,3
632997,3
632998,3
632999,3
633000,3
633001,3
633002,3
633003,3
633004,3
633005,3
633006,3
633007,3
633008,3
633009,3
633011,3
633012,3
634108,2
634759,3
635384,1
635395,1
635399,1
635400,1
635401,1
637119,3
637222,3
638131,3
638362,3
639544,3
639777,3
639778,3
639779,3
640046,3
641257,6
641448,1
643540,4
644093,3
645148,3
645778,2
646469,3
646740,3
647338,4
648354,3
648883,1
651079,13
651837,2
652416,4
652706,3
653465,13
653670,13
653726,13
653728,13
653729,13
653730,13
653738,3
653739,3
653742,3
653744,3
653753,3
653754,3
653758,3
653759,3
653760,3
653761,3
655744,2
655814,13
655815,13
655819,3
655833,3
655944,3
655947,13
655949,13
655950,13
657683,6
657685,3
658681,6
659875,1
662317,3
663584,13
663608,13
665702,1
667298,3
669033,2
669035,3
669451,13
670765,4
671401,3
671456,2
675873,3
676034,2
676458,3
677108,3
677109,3
677110,3
677111,3
677112,3
677113,3
677114,3
677115,3
677116,3
677117,3
677118,3
677119,3
677910,2
678013,2
679069,3
679656,3
679658,3
679686,2
679844,6
680923,3
681017,3
681018,3
681021,2
681023,2
684606,2
685040,2
685337,2
686268,3
687431,13
687513,6
687836,13
687841,13
688224,3
688226,3
688593,3
688594,3
689627,3
689628,13
689957,3
690375,2
692597,8
693700,3
694642,2
694690,13
695495,2
695496,1
695500,2
695523,2
695524,2
695525,1
695526,2
695528,2
695529,2
695531,2
695533,2
695534,2
695535,1
695536,2
696713,2
696714,2
698529,2
698736,3
698738,3
698739,3
698749,3
698757,3
700412,3
700697,3
701452,4
701989,2
702565,3
702752,1
702950,3
705226,13
705667,3
706802,3
706803,3
707486,3
712013,4
712182,2
712209,13
712219,3
712220,3
712539,4
712946,4
716525,3
718431,3
718433,3
718434,3
719486,4
720560,3
720569,3
720570,3
720571,3
720572,3
720573,3
720574,3
724721,13
725889,3
725932,13
726543,1
727970,13
728021,3
728075,13
728108,3
728109,3
729894,3
733808,3
736275,2
740620,2
742651,1
742652,1
744263,3
744549,3
744945,3
745853,3
746743,3
747042,3
747199,1
747276,13
747297,3
747303,3
747607,4
747674,3
748346,3
748947,6
749431,3
749517,13
749639,3
750855,13
752037,3
752047,3
752049,13
753981,3
754093,13
754588,3
754594,3
754595,3
754596,3
755130,3
755136,3
759618,2
760930,13
761196,3
761207,3
761208,3
761209,3
761218,3
761234,3
761235,3
761270,3
761570,6
764086,4
764087,1
764089,4
764090,4
764091,1
764092,1
764093,1
764094,1
764095,1
764096,4
765275,1
765285,2
765918,3
766640,13
767842,1
768547,2
769294,6
769297,4
769369,13
770595,9
771516,15
772894,3
775492,13
778080,3
778160,3
778892,3
780292,2
782303,1
782304,2
782305,2
782306,2
782307,2
782308,2
785032,3
785222,3
785431,13
786045,3
786134,3
786261,13
786826,3
788887,3
788905,2
789381,3
789383,3
789384,3
812446,3
812449,3
812505,2
812918,13
813585,2
813594,2
814897,2
814971,13
815112,2
816272,4
816458,3
816514,4
816515,4
816519,4
816520,4
816522,4
816523,4
816618,4
816621,4
816624,4
816629,4
816630,4
816789,2
816791,2
817124,4
817303,3
817504,1
817649,3
818842,2
821719,3
821931,3
822083,6
822467,2
822544,3
822572,13
822573,13
822574,13
822575,13
822576,13
822577,13
822850,2
822852,2
823222,13
823225,13
823227,13
823228,13
823229,13
823230,13
823703,3
823704,3
824353,13
825586,6
825614,4
825644,2
825645,4
825657,4
825658,4
825664,1
825665,1
825667,1
825669,1
825673,2
825674,4
825675,4
825690,4
825693,1
825697,1
825698,1
825699,1
825700,1
825703,4
825704,4
825705,1
825706,1
825708,4
825709,1
825710,1
825711,1
825718,2
825720,2
825721,2
825724,1
826439,2
827290,3
828241,4
828497,1
828789,3
830723,3
830724,3
832687,12
834263,2
834269,3
835042,3
835145,1
838174,2
838176,2
838178,2
839033,5
839034,5
839035,5
839041,2
839044,2
839045,2
839209,3
839415,3
839876,3
840967,13
841439,3
841443,3
841475,2
843724,3
843725,2
843833,3
844289,13
844400,3
844401,3
844402,3
844403,3
844404,3
844405,3
844779,1
845334,2
846945,1
847010,3
847023,2
847024,2
848137,2
848284,3
848286,13
848290,13
848796,13
848826,3
848948,3
849199,3
850685,1
851638,2
852556,13
852668,2
853236,13
853449,1
853450,1
853894,1
853982,13
854635,3
855011,3
856229,3
856295,2
856309,3
856411,13
856622,2
856711,3
856712,3
856713,3
856714,3
856715,3
856716,3
856908,1
856989,3
856990,13
857029,2
857030,2
857031,2
857093,3
857624,3
857900,3
858236,1
858237,1
858238,1
858239,2
861087,3
861089,3
871987,13
872016,2
875633,13
875634,4
875661,13
875741,13
887796,8
887798,9
887799,6
887898,3
888197,3
888924,1
889125,13
889257,3
891354,13
892339,13
892457,3
892458,3
892461,3
894279,3
894493,13
895906,13
895946,13
