object_id,artist_id
466,1
467,2
467,2529
468,2
469,2
471,3
485,4
3926,5
3970,6
5223,7
7499,8
10028,9
10035,10
10049,11
10061,12
10062,13
10065,14
10066,14
10067,14
10068,14
10070,15
10072,15
10075,16
10076,17
10077,18
10080,19
10081,20
10082,5
10082,2530
10083,5
10084,5
10084,2531
10085,21
10087,22
10092,23
10093,23
10116,24
10126,25
10127,25
10128,25
10131,26
10136,27
10138,27
10142,28
10147,28
10148,28
10149,29
10150,29
10151,29
10152,29
10154,29
10155,29
10156,29
10158,29
10159,30
10174,31
10175,31
10176,31
10177,31
10178,32
10180,32
10181,32
10182,32
10183,32
10184,33
10185,34
10186,35
10190,35
10191,36
10194,37
10195,38
10196,38
10198,39
10207,40
10209,40
10210,41
10215,42
10235,43
10239,44
10240,44
10241,44
10246,45
10247,45
10251,46
10252,47
10254,47
10255,47
10256,47
10258,48
10259,49
10337,50
10338,50
10351,51
10352,52
10353,53
10353,2532
10371,54
10375,55
10376,55
10381,56
10388,57
10391,57
10393,57
10400,57
10401,57
10402,57
10406,57
10421,58
10422,57
10423,59
10425,57
10430,60
10431,61
10434,62
10435,63
10436,64
10436,6
10437,65
10438,65
10439,65
10440,65
10441,65
10442,65
10443,65
10444,65
10445,65
10446,65
10447,65
10448,65
10449,65
10450,65
10451,65
10452,65
10453,65
10454,65
10455,65
10456,65
10457,65
10458,65
10459,65
10460,65
10461,65
10462,65
10463,65
10464,66
10465,66
10466,66
10467,66
10468,66
10469,66
10470,66
10471,66
10472,66
10473,66
10474,66
10475,66
10476,66
10478,67
10478,2533
10480,68
10481,68
10482,68
10491,69
10492,69
10493,70
10496,71
10497,71
10499,71
10500,71
10501,71
10503,72
10504,72
10505,73
10507,73
10508,73
10509,73
10510,74
10516,75
10517,75
10519,76
10521,77
10522,78
10524,78
10526,78
10527,78
10530,78
10531,78
10533,78
10534,78
10535,78
10537,78
10554,78
10555,79
10557,80
10559,80
10560,80
10566,81
10570,82
10578,83
10584,83
10586,83
10587,83
10589,83
10590,84
10607,85
10610,86
10612,87
10614,88
10628,89
10629,89
10630,89
10644,89
10647,89
10649,89
10657,89
10674,89
10705,89
10708,89
10730,90
10738,91
10742,92
10743,93
10745,94
10746,94
10747,94
10749,94
10762,95
10767,96
10768,97
10769,97
10771,97
10777,98
10783,99
10784,99
10785,100
10785,323
10786,100
10788,100
10790,100
10791,100
10793,100
10794,100
10795,100
10796,100
10798,100
10799,100
10800,101
10801,101
10805,102
10806,103
10808,104
10809,104
10810,105
10811,105
10812,105
10813,105
10817,105
10819,105
10820,105
10824,105
10825,105
10827,105
10828,105
10830,106
10832,106
10833,106
10834,106
10835,106
10836,107
10837,108
10843,59
10845,109
10846,110
10848,111
10849,111
10850,111
10851,111
10852,111
10853,111
10858,112
10859,113
10860,113
10861,113
10862,113
10863,113
10864,113
10865,113
10866,113
10867,113
10874,114
10878,115
10879,115
10880,115
10890,116
10894,117
10895,118
10897,119
10905,120
10915,121
10916,121
10919,122
10919,171
10922,123
10923,123
10924,123
10925,123
10930,124
10933,125
10934,126
10935,127
10936,127
10937,127
10939,127
10944,128
10945,129
10946,129
10947,129
10950,130
10952,130
10954,130
10955,130
10959,131
10960,131
10966,132
10967,132
10968,132
10974,133
10975,134
10976,134
10978,135
10980,136
10984,137
10988,138
10989,138
10990,138
10991,138
10993,139
10994,139
10995,139
10996,139
10997,139
11001,140
11006,141
11007,141
11008,141
11011,142
11012,142
11020,143
11028,144
11029,144
11031,144
11032,144
11034,144
11035,144
11036,144
11038,144
11040,145
11042,146
11046,147
11050,148
11051,148
11052,148
11053,148
11054,149
11055,149
11057,149
11058,149
11060,150
11061,150
11062,150
11063,150
11075,151
11077,151
11079,152
11080,153
11081,153
11082,154
11083,155
11088,156
11101,157
11103,158
11104,158
11105,159
11107,160
11111,161
11112,161
11113,161
11116,161
11117,161
11122,161
11123,161
11126,161
11127,161
11130,161
11133,161
11134,161
11135,161
11136,161
11137,161
11140,161
11141,161
11142,161
11145,161
11149,162
11159,163
11160,163
11168,164
11170,165
11173,166
11174,166
11175,166
11176,166
11177,166
11179,166
11180,166
11181,166
11182,166
11187,167
11188,167
11189,167
11191,167
11191,8
11192,167
11193,167
11194,167
11195,167
11199,167
11201,167
11205,168
11207,168
11208,168
11209,168
11209,100
11212,8
11215,8
11223,8
11224,8
11226,169
11227,169
11228,169
11229,169
11230,169
11231,169
11232,169
11233,169
11234,169
11235,169
11239,170
11240,171
11241,171
11243,171
11247,171
11249,171
11250,171
11253,172
11255,172
11256,172
11258,173
11259,173
11260,173
11261,173
11262,173
11263,173
11264,173
11265,173
11267,173
11269,174
11273,175
11273,78
11274,175
11274,78
11275,175
11276,175
11277,176
11278,177
11279,177
11281,178
11282,178
11284,179
11287,180
11289,181
11290,181
11301,182
11302,182
11303,183
11304,183
11307,184
11308,184
11309,184
11310,184
11311,184
11312,184
11313,184
11314,184
11315,184
11316,184
11317,184
11318,184
11319,184
11320,184
11321,184
11322,184
11323,184
11324,184
11325,184
11326,184
11328,184
11329,184
11332,185
11332,2534
11347,186
11348,187
11365,188
11366,188
11370,9
11379,9
11383,9
11392,189
11393,189
11395,190
11396,190
11397,191
11403,192
11405,193
11406,194
11407,194
11408,194
11409,195
11411,195
11417,196
11418,196
11431,197
11433,198
11436,199
11437,200
11448,201
11451,202
11470,203
11471,203
11480,204
11481,204
11483,204
11495,205
11512,206
11515,207
11517,207
11518,207
11521,208
11524,209
11525,210
11543,211
11553,212
11555,213
11556,213
11557,214
11558,214
11583,215
11584,216
11585,216
11586,216
11587,217
11589,218
11591,218
11597,219
11598,220
11600,220
11602,221
11604,221
11605,221
11609,222
11610,223
11611,223
11614,224
11619,225
11620,225
11621,225
11623,225
11624,225
11626,225
11627,225
11628,226
11630,227
11631,227
11635,228
11636,228
11641,228
11651,229
11654,230
11655,230
11656,230
11656,6
11657,231
11658,231
11659,231
11674,232
11675,232
11682,233
11683,234
11685,235
11692,236
11697,237
11703,238
11707,238
11710,238
11712,238
11713,238
11716,238
11718,238
11719,238
11723,239
11728,239
11734,239
11737,240
11739,241
11740,241
11741,241
11742,241
11743,241
11744,242
11745,243
11758,244
11759,244
11761,245
11762,245
11763,245
11764,246
11765,246
11766,246
11767,247
11771,248
11774,249
11775,250
11776,250
11777,250
11778,251
11779,251
11780,252
11797,253
11798,253
11799,253
11800,254
11801,255
11801,254
11803,254
11804,254
11809,254
11813,254
11834,256
11835,256
11837,257
11851,258
11853,258
11854,259
11857,260
11858,261
11864,262
11867,262
11894,263
11903,263
11904,263
11911,263
11913,264
11934,265
11936,265
11938,266
11939,266
11957,267
11957,2535
11974,10
11975,10
11976,10
11977,10
11978,10
11979,10
11980,10
11981,10
11982,268
11983,269
11984,269
12024,270
12026,271
12028,271
12037,271
12038,271
12052,271
12061,271
12065,271
12071,271
12072,271
12073,271
12074,271
12100,271
12108,271
12110,271
12121,271
12122,271
12127,271
12128,271
12131,271
12136,271
12137,271
12140,271
12141,271
12149,271
12153,271
12159,271
12162,271
12178,271
12266,271
12284,272
12302,271
12303,271
12310,271
12443,271
12446,271
12447,271
12456,271
12470,271
12471,271
12477,271
12534,273
12541,274
12542,275
12543,275
12545,276
12551,277
12552,278
12554,278
12569,279
12569,15
12572,280
12578,281
12600,282
12601,282
12602,282
12603,282
12605,283
12630,284
12631,285
12639,286
12641,287
12643,288
12644,289
12646,290
12647,291
12648,291
12658,6
12661,6
12662,6
12663,6
12664,6
12665,6
12666,6
12667,6
12668,6
12669,6
12670,6
12671,6
12672,6
12673,6
12674,6
12675,6
12676,6
12677,6
12678,6
12680,6
12681,6
12683,6
12687,292
12690,293
12692,293
12693,293
12694,293
12696,293
12698,293
12699,293
12701,293
12702,293
12704,293
12705,293
12707,293
12708,293
12709,294
12764,295
12766,296
12767,296
12768,297
12769,297
12770,297
12772,297
12773,298
12775,299
12776,299
12785,300
12786,300
12787,300
12791,301
12792,301
12793,301
12794,301
12795,302
12796,303
12797,304
12799,305
12800,306
12801,306
12802,306
12806,307
12807,308
12810,309
12811,310
12811,2536
12819,311
12822,311
12823,311
12824,311
12825,311
12827,311
12828,311
12829,311
12830,311
12831,312
12832,312
12833,312
12834,312
12835,313
12836,313
12837,313
12840,313
12842,314
12843,314
12845,314
12846,315
12849,29
12855,316
12856,10
12865,317
12903,318
12917,319
12923,229
12925,32
12928,317
12956,10
12970,14
12975,320
12977,321
12977,282
12978,154
12980,321
13003,317
13008,322
13027,317
13033,32
13043,323
13045,323
13045,6
13047,323
13049,323
13051,323
13052,323
13053,323
13057,320
13058,324
13060,324
13061,324
13062,324
13065,324
13067,324
13070,324
13078,325
13085,326
13086,326
13087,327
13089,328
13091,329
13091,2537
13093,329
13094,329
13094,2537
13095,329
13095,2537
13096,329
13096,2537
13097,329
13097,2537
13099,329
13100,329
13101,329
13101,2537
13102,329
13102,2537
13103,329
13104,329
13104,2537
13105,329
13106,330
13107,331
13108,332
13121,333
13124,333
13131,334
13132,335
13165,336
13166,336
13167,337
13168,337
13171,338
13173,339
13174,339
13175,339
13178,340
13180,340
13181,340
13182,340
13183,340
13184,340
13187,341
13193,342
13196,343
13198,344
13199,344
13200,344
13202,344
13204,344
13209,322
13210,322
13211,322
13223,322
13225,322
13237,322
13269,322
13307,345
13312,346
13313,346
13315,346
13316,347
13317,347
13331,348
13334,349
13335,349
13336,349
13337,349
13338,349
13343,350
13344,351
13345,351
13346,351
13349,352
13350,352
13351,353
13352,353
13355,353
13356,353
13357,353
13358,354
13359,354
13360,355
13368,143
13392,356
13401,58
13452,40
13453,40
13454,141
13499,8
13758,57
14202,314
14203,357
14204,357
14334,296
14419,106
14444,358
14472,134
14473,193
14474,324
14475,324
14476,324
14477,324
14478,324
14479,324
14480,324
14481,324
14482,324
14483,359
14487,360
14512,361
14512,344
14513,361
14513,344
14514,362
14824,363
14826,293
14871,144
14930,144
14931,19
14981,364
15582,324
15583,144
15587,254
16006,144
16255,271
16345,365
16580,191
16584,6
16590,366
16591,366
16592,366
16687,241
16710,171
16717,272
16743,367
16744,367
16752,106
16781,6
16868,368
16875,346
16881,144
16906,8
16947,369
16958,78
16959,78
17016,369
17447,370
17465,371
17506,308
17507,308
17508,308
17517,372
17558,171
17559,284
17574,263
17803,360
17897,98
18113,45
18354,61
18447,56
18819,266
18820,266
18838,57
19013,373
19022,318
19056,6
19065,372
19206,167
19219,374
19220,375
19224,374
19225,376
19226,377
19231,193
19241,378
19246,379
19247,377
19248,380
19250,381
19253,368
19258,357
19260,377
19261,379
19262,382
19263,383
19264,384
19272,385
19273,386
19274,386
19277,387
19278,384
19285,386
19286,381
19288,374
19289,381
19290,388
19291,389
19292,390
19293,381
19294,379
19295,384
19299,391
19300,381
19301,392
19303,377
19307,393
19316,383
19317,384
19318,394
19321,377
19322,377
19328,377
19329,374
19330,381
19332,395
19334,381
19335,379
19336,377
19337,193
19338,383
19339,382
19340,384
19341,381
19342,381
19343,381
19344,381
19345,396
19346,396
19347,396
19349,383
19350,390
19351,390
19523,265
19524,265
19815,253
19816,253
19826,6
20129,134
20366,54
20421,265
20517,397
20559,398
20639,71
20768,399
20771,400
20888,59
20889,318
20890,36
20891,318
20892,150
20893,311
21126,365
21651,359
21652,401
21693,71
21695,402
33284,403
35649,404
36034,405
36043,406
36370,407
37803,408
37866,409
37869,409
37877,410
37974,411
38009,412
38016,413
38031,414
38040,415
38042,416
38043,417
38044,418
38045,405
38046,419
38046,457
38047,420
39641,405
39651,421
39894,422
40332,405
40333,405
40336,423
40337,423
40338,423
40339,423
40340,423
40341,423
40349,424
40352,425
40353,426
40419,405
40419,2538
40429,427
40432,427
42889,405
44628,428
45070,429
45696,430
45697,430
45702,431
45703,431
45704,431
45705,431
45706,431
45708,431
45709,431
45710,431
45711,431
45712,431
45713,431
45714,431
45715,431
45716,431
45717,431
45718,431
45719,431
45743,432
45800,433
45809,434
48882,435
48889,435
48890,435
48907,436
48907,2539
48916,437
48918,437
48919,437
48920,437
48940,405
48985,438
49104,406
49105,406
49466,439
49617,440
49798,441
51529,405
51529,2540
51531,405
51531,2541
51563,405
51563,2542
51587,405
51595,405
51649,405
51756,405
51757,405
51760,442
51761,442
51811,405
51812,405
51814,405
51833,443
51847,405
51847,2543
53522,405
53523,405
53544,405
53545,405
53550,405
53583,444
53592,405
53595,405
54567,445
54789,446
54911,405
54912,447
54913,405
54914,405
54915,405
54953,435
54967,448
57185,449
57187,449
57188,449
57190,449
57191,449
57192,449
57193,449
57194,449
57234,450
57236,450
57237,450
57238,451
57240,450
57242,449
57243,449
57245,452
57286,435
57290,435
57291,435
57292,435
57293,435
57294,449
57295,449
57296,449
57297,449
57298,449
57299,450
57300,450
57301,450
57302,450
57303,450
57304,450
57305,450
57306,450
57307,450
57308,450
57309,450
57314,453
57321,452
57322,452
57323,452
57330,454
57331,452
57333,452
57339,455
57340,452
61429,456
64891,422
65002,457
65590,422
65594,458
65595,416
72589,422
72589,2544
72720,459
73111,460
73259,461
73260,462
73261,416
74650,463
74650,2545
74651,463
74651,2545
74660,412
74674,412
74677,412
74683,412
74683,2546
74685,412
74686,464
74749,465
74750,465
74837,466
74838,466
74840,466
74842,466
74843,466
76031,458
76032,467
76033,468
76037,417
76393,469
78435,470
141404,471
185933,472
185934,472
189551,473
189551,602
189727,474
196918,475
207312,476
236111,477
282527,478
282530,479
282531,479
282532,480
282533,480
282534,480
282535,480
282537,480
282538,480
282539,480
282541,480
282552,480
282559,480
282560,480
282561,480
282569,480
282570,480
282571,480
282573,480
282575,479
282618,481
282883,482
283743,478
289702,483
289703,483
314561,484
314562,484
320928,485
387147,486
395123,487
395123,2547
395733,488
435573,489
435576,490
435577,490
435578,491
435579,491
435580,492
435581,492
435583,493
435585,494
435586,495
435590,496
435590,2548
435594,497
435595,497
435596,498
435597,498
435598,499
435599,500
435600,501
435601,502
435603,503
435604,503
435614,504
435615,504
435616,505
435617,505
435621,506
435622,507
435623,507
435626,508
435627,509
435630,510
435631,510
435632,510
435633,511
435635,512
435640,513
435641,513
435642,513
435643,513
435644,513
435645,514
435646,515
435647,515
435648,516
435649,517
435650,518
435651,519
435653,520
435654,520
435655,521
435656,522
435657,522
435658,523
435659,524
435663,525
435664,526
435665,526
435666,526
435670,527
435671,528
435672,529
435673,530
435678,531
435680,532
435682,533
435683,534
435684,534
435687,535
435688,535
435689,536
435690,536
435691,537
435692,537
435693,537
435694,537
435701,538
435702,539
435703,539
435704,539
435705,540
435706,540
435707,541
435708,542
435709,542
435711,542
435713,543
435714,544
435715,544
435716,544
435717,544
435718,544
435722,545
435723,546
435724,547
435725,547
435727,548
435728,549
435729,549
435730,550
435731,550
435733,551
435734,551
435737,473
435738,473
435740,473
435741,473
435742,473
435743,473
435744,473
435745,473
435746,473
435747,473
435749,552
435750,552
435751,552
435752,553
435753,553
435754,553
435755,554
435756,554
435757,554
435759,555
435760,555
435762,556
435763,556
435764,557
435765,556
435766,556
435768,558
435769,559
435770,560
435771,561
435772,561
435773,562
435774,562
435775,563
435776,564
435778,403
435779,403
435780,403
435793,403
435802,565
435803,566
435804,567
435805,568
435806,568
435807,568
435808,568
435809,569
435810,570
435813,571
435814,571
435817,572
435818,573
435819,573
435820,574
435822,575
435823,576
435824,576
435826,577
435829,578
435830,578
435831,578
435832,578
435833,579
435835,580
435837,581
435838,582
435839,583
435842,584
435843,584
435844,585
435847,586
435848,587
435849,588
435851,589
435852,590
435853,590
435855,591
435856,591
435857,592
435858,593
435859,594
435860,594
435861,595
435862,596
435863,597
435864,598
435866,599
435867,599
435868,599
435869,599
435870,599
435871,599
435872,599
435873,599
435874,599
435875,599
435876,599
435877,599
435878,599
435879,599
435880,599
435881,599
435882,599
435883,599
435884,599
435885,599
435886,600
435887,601
435888,601
435892,602
435894,603
435895,67
435896,604
435897,604
435898,604
435899,604
435900,605
435901,606
435902,606
435904,607
435905,608
435906,608
435907,608
435908,608
435909,608
435912,609
435914,610
435916,609
435917,611
435918,612
435921,613
435922,613
435923,613
435940,614
435944,615
435945,615
435946,615
435947,615
435948,615
435949,615
435950,615
435951,615
435952,615
435953,615
435954,615
435955,615
435956,615
435957,615
435958,615
435959,615
435960,615
435961,616
435962,616
435963,616
435964,616
435965,616
435966,616
435967,616
435968,616
435969,616
435971,616
435972,616
435975,616
435976,616
435977,616
435978,616
435979,616
435980,616
435981,616
435983,616
435984,616
435985,616
435986,616
435987,616
435988,616
435989,616
435990,616
435991,616
435992,617
435993,618
435997,619
435998,620
436000,621
436001,621
436002,621
436003,621
436004,621
436005,621
436006,621
436007,621
436008,621
436009,621
436010,621
436011,621
436012,621
436013,621
436014,621
436015,621
436016,621
436017,621
436018,621
436019,621
436020,621
436021,621
436022,621
436023,621
436024,621
436025,621
436026,621
436027,621
436028,621
436030,622
436033,623
436034,624
436035,624
436036,623
436037,623
436038,623
436039,623
436040,623
436041,623
436042,623
436043,625
436044,623
436045,625
436046,623
436047,623
436048,626
436049,626
436052,627
436053,627
436055,628
436056,628
436057,629
436060,630
436061,631
436062,631
436063,631
436064,631
436065,631
436068,632
436075,633
436076,633
436077,634
436078,635
436079,636
436080,637
436081,637
436083,637
436084,637
436085,637
436086,637
436088,637
436089,637
436090,637
436091,638
436092,638
436093,638
436095,638
436098,639
436099,639
436100,639
436101,639
436102,639
436103,640
436103,639
436104,639
436105,641
436106,641
436107,641
436108,641
436114,642
436115,642
436116,642
436118,643
436119,643
436120,644
436121,644
436122,644
436123,644
436138,644
436139,644
436140,644
436141,644
436144,644
436145,644
436149,644
436150,644
436152,644
436153,644
436162,644
436168,644
436174,644
436175,645
436176,645
436177,645
436178,645
436179,645
436180,645
436182,646
436183,646
436184,647
436186,648
436187,649
436188,649
436189,649
436190,650
436191,651
436192,651
436193,651
436195,651
436196,651
436198,652
436199,653
436200,653
436201,653
436205,654
436206,655
436207,656
436208,657
436209,658
436210,658
436211,659
436212,659
436213,660
436214,660
436215,660
436216,660
436217,660
436221,661
436222,662
436223,663
436224,663
436225,663
436226,663
436227,663
436228,663
436229,664
436230,665
436235,666
436236,666
436238,666
436239,667
436240,668
436241,669
436243,670
436244,670
436245,670
436246,671
436248,672
436252,673
436253,673
436254,673
436255,673
436256,673
436257,673
436258,673
436260,673
436261,673
436262,673
436266,674
436267,674
436268,675
436269,675
436270,676
436271,677
436278,678
436280,679
436283,680
436286,681
436287,681
436288,682
436290,683
436291,683
436292,684
436293,684
436294,684
436295,684
436296,684
436297,684
436300,685
436301,686
436302,686
436305,687
436309,688
436310,689
436311,690
436312,691
436318,692
436319,693
436320,693
436321,693
436322,693
436323,693
436324,693
436325,693
436326,693
436327,693
436329,694
436331,695
436333,696
436334,696
436335,696
436337,602
436338,602
436339,602
436340,602
436341,602
436342,602
436343,697
436344,602
436345,602
436346,698
436347,699
436397,602
436398,602
436399,602
436404,602
436406,700
436407,602
436408,602
436409,701
436410,702
436413,703
436415,703
436416,704
436418,705
436419,706
436420,706
436422,707
436423,708
436426,709
436427,709
436428,710
436431,711
436432,711
436433,711
436434,711
436435,711
436436,711
436438,711
436439,711
436440,711
436441,711
436442,711
436445,712
436446,713
436448,713
436449,713
436450,713
436451,713
436452,714
436453,715
436454,716
436455,716
436456,717
436472,718
436480,719
436481,720
436482,720
436483,720
436484,720
436485,721
436489,722
436490,722
436491,723
436492,722
436493,724
436495,725
436496,725
436497,725
436498,726
436499,727
436502,728
436503,728
436504,729
436509,730
436510,730
436511,730
436515,730
436519,731
436520,732
436521,733
436522,733
436523,733
436524,734
436525,734
436526,734
436527,734
436528,734
436529,734
436530,734
436531,734
436532,734
436533,734
436534,734
436535,734
436536,734
436538,735
436539,735
436541,736
436542,736
436543,736
436544,736
436545,736
436546,736
436547,736
436548,736
436549,737
436550,737
436551,737
436552,737
436553,737
436554,736
436555,738
436556,738
436557,738
436558,738
436559,738
436560,738
436561,739
436567,740
436568,741
436569,742
436570,743
436571,744
436572,743
436573,743
436574,743
436575,743
436576,743
436577,745
436579,746
436580,746
436581,746
436582,746
436583,746
436584,746
436586,746
436587,746
436588,746
436590,747
436591,748
436593,749
436594,749
436595,749
436596,749
436597,749
436598,749
436599,749
436600,749
436601,749
436602,750
436603,751
436604,751
436607,752
436609,753
436615,754
436616,755
436617,755
436618,755
436619,755
436620,755
436621,755
436622,755
436623,755
436624,755
436625,755
436626,755
436627,755
436628,755
436630,756
436631,757
436632,758
436634,759
436636,760
436637,760
436638,761
436641,762
436642,762
436643,763
436644,764
436645,764
436647,765
436648,765
436652,766
436653,766
436656,767
436657,768
436658,768
436659,768
436660,768
436664,768
436665,768
436667,768
436668,768
436669,768
436670,768
436671,769
436672,770
436675,771
436676,771
436677,771
436678,771
436679,771
436680,772
436683,773
436684,773
436685,773
436686,773
436687,773
436688,773
436689,67
436690,773
436691,773
436692,773
436693,774
436698,775
436699,776
436702,777
436703,778
436704,778
436705,778
436706,778
436707,778
436708,778
436709,779
436721,780
436722,780
436724,781
436725,781
436729,697
436731,782
436732,783
436733,782
436736,782
436738,782
436739,784
436741,785
436743,786
436745,787
436747,788
436749,788
436751,789
436752,790
436757,791
436760,792
436761,792
436762,793
436769,794
436770,795
436771,796
436772,797
436774,797
436776,798
436780,799
436781,800
436782,801
436784,802
436785,803
436787,803
436788,804
436789,804
436790,805
436791,806
436793,806
436794,806
436795,806
436796,806
436797,806
436798,807
436799,807
436801,808
436802,808
436803,809
436805,810
436806,810
436808,367
436809,367
436810,367
436814,811
436815,812
436816,813
436817,814
436818,815
436819,816
436820,816
436821,817
436823,321
436824,321
436825,818
436826,819
436827,819
436829,820
436830,821
436831,821
436832,821
436833,822
436834,823
436835,823
436836,824
436838,825
436839,825
436840,826
436843,827
436845,828
436846,829
436847,829
436849,830
436850,831
436851,831
436852,831
436853,831
436858,832
436861,833
436863,834
436866,835
436867,836
436868,837
436869,837
436870,838
436871,839
436872,839
436873,839
436874,840
436875,841
436876,842
436877,842
436879,843
436880,844
436882,845
436883,845
436886,846
436888,847
436889,848
436890,848
436891,849
436892,850
436893,850
436895,851
436896,851
436899,851
436903,852
436904,852
436905,852
436906,852
436907,853
436908,854
436909,855
436910,855
436911,856
436912,856
436913,856
436914,856
436917,857
436918,857
436920,858
436921,858
436922,859
436923,860
436925,861
436926,862
436927,862
436928,862
436929,863
436930,863
436931,863
436932,863
436933,863
436934,863
436935,864
436936,864
436937,865
436939,866
436940,867
436941,868
436942,868
436943,869
436944,870
436945,870
436946,870
436947,870
436948,870
436949,870
436950,870
436951,870
436952,870
436954,870
436955,870
436956,870
436957,870
436960,870
436961,870
436962,870
436963,870
436964,870
436965,870
436966,871
436967,871
436968,871
436969,871
436970,872
436971,873
436974,874
436975,875
436976,876
436982,877
436984,878
436985,878
436986,878
436987,879
436987,2549
436988,880
436990,881
436991,882
436992,883
436994,884
436995,885
437000,886
437006,887
437007,490
437010,888
437011,889
437013,890
437014,891
437017,892
437020,893
437021,893
437023,894
437024,895
437030,896
437031,897
437033,898
437034,899
437035,900
437038,901
437039,902
437040,903
437041,903
437042,903
437043,903
437044,903
437045,904
437046,905
437049,906
437050,906
437051,906
437052,906
437053,907
437054,908
437055,908
437056,908
437057,908
437059,908
437060,908
437061,908
437062,908
437063,909
437067,910
437069,911
437070,912
437071,912
437072,912
437073,912
437074,913
437078,914
437079,915
437080,915
437081,916
437082,917
437083,918
437084,919
437085,920
437086,920
437087,920
437088,921
437089,922
437090,923
437092,924
437093,925
437094,926
437095,926
437096,926
437097,926
437098,926
437099,926
437101,927
437102,928
437103,929
437104,930
437105,930
437106,930
437107,930
437108,930
437109,930
437110,930
437111,930
437112,930
437113,930
437115,930
437117,930
437118,930
437119,930
437120,930
437121,930
437122,930
437123,930
437124,930
437125,930
437126,930
437127,930
437128,930
437129,930
437130,930
437131,930
437133,930
437135,930
437136,930
437137,930
437138,930
437143,931
437144,932
437146,933
437147,934
437148,934
437149,934
437151,935
437153,936
437154,937
437156,938
437157,938
437158,938
437159,939
437160,939
437161,940
437163,941
437164,941
437165,941
437168,942
437169,943
437170,944
437171,945
437172,946
437173,946
437174,946
437175,946
437177,947
437178,948
437179,949
437180,950
437181,951
437182,951
437183,951
437184,951
437185,951
437187,952
437187,953
437188,953
437188,952
437189,954
437189,952
437190,955
437191,955
437192,955
437193,956
437195,957
437197,957
437198,958
437199,959
437202,960
437203,680
437204,680
437205,680
437206,680
437207,680
437208,680
437209,680
437210,680
437211,961
437212,962
437214,962
437216,963
437217,964
437218,965
437219,966
437220,966
437221,967
437222,968
437227,969
437229,970
437230,970
437231,971
437232,972
437233,973
437234,974
437235,974
437237,975
437238,976
437239,977
437241,978
437242,979
437243,980
437244,981
437245,981
437246,981
437248,982
437249,983
437250,984
437251,985
437252,985
437255,986
437256,987
437257,987
437258,987
437259,987
437260,987
437262,988
437263,988
437265,989
437268,990
437269,991
437270,992
437271,993
437271,2550
437273,994
437274,995
437275,995
437276,996
437279,997
437280,998
437281,999
437282,1000
437283,1001
437284,1001
437285,1001
437286,1002
437290,1003
437291,1004
437295,1005
437298,1006
437299,1007
437300,1007
437301,1007
437302,1007
437303,1007
437304,1007
437305,1007
437306,1007
437307,1007
437308,1007
437309,1007
437310,1007
437311,1007
437312,1007
437313,1007
437314,1007
437316,1007
437317,1007
437319,1008
437321,1009
437322,1010
437323,1011
437324,1012
437324,1012
437325,1013
437326,1014
437327,1014
437328,1014
437329,1014
437330,1014
437331,1014
437332,1015
437333,1016
437336,1017
437337,1018
437338,1018
437339,1019
437339,2551
437340,1019
437342,1020
437343,1021
437344,1021
437346,1021
437347,1021
437349,1021
437350,1021
437351,1022
437352,1023
437354,1024
437355,1024
437356,1024
437357,1024
437358,1024
437359,1024
437360,1024
437361,1024
437363,1024
437364,1024
437365,1024
437366,1025
437367,1025
437368,1026
437373,1027
437374,1028
437376,1029
437378,1030
437380,1030
437381,1030
437382,1030
437383,1030
437384,1031
437385,1032
437386,1032
437387,1032
437388,1032
437389,1032
437390,1032
437391,1032
437392,1032
437393,1032
437394,1032
437395,1032
437396,1032
437397,1032
437398,1032
437399,1032
437400,1032
437401,1032
437402,1032
437403,1033
437404,1033
437405,688
437406,1033
437407,1033
437408,1033
437409,1033
437410,1033
437411,1033
437412,1033
437413,1033
437414,1033
437415,659
437416,1033
437417,1032
437418,1033
437419,1033
437420,1033
437421,1033
437422,1034
437423,1034
437424,1035
437425,1035
437426,1035
437427,1035
437428,1035
437429,1035
437430,1035
437431,1035
437432,1035
437433,1035
437434,1035
437436,1035
437437,1035
437438,1035
437439,1035
437440,1036
437441,1036
437442,1036
437443,487
437444,487
437445,487
437446,487
437447,487
437448,487
437449,487
437450,487
437451,487
437452,487
437453,487
437454,487
437455,1037
437456,1038
437457,1039
437458,1039
437460,1040
437461,1040
437462,1040
437463,1041
437464,1041
437465,1041
437467,1042
437468,1043
437470,1043
437473,1043
437476,1043
437477,1043
437479,1043
437480,1043
437481,1043
437487,581
437488,680
437490,908
437492,581
437494,1044
437495,1044
437496,1045
437498,1046
437499,1046
437500,1046
437501,1046
437502,1046
437503,1047
437504,1046
437505,1046
437506,1048
437507,1048
437508,1048
437509,1049
437510,1049
437512,1050
437513,1051
437514,1052
437515,1052
437516,1052
437517,1052
437518,1052
437519,1052
437520,1052
437523,1053
437525,1053
437525,570
437526,1053
437527,1053
437528,1053
437529,1053
437530,1053
437531,1053
437532,1053
437533,1053
437535,1053
437536,1053
437539,1053
437540,1053
437542,1053
437543,1053
437544,1053
437545,1054
437546,1054
437547,1054
437548,1054
437549,1054
437564,1055
437585,1056
437586,1056
437587,1056
437588,1056
437589,1056
437590,1056
437591,1057
437592,1057
437593,1058
437598,1059
437600,1060
437607,1061
437609,1062
437610,1062
437612,1063
437630,1064
437631,1065
437633,1066
437636,671
437637,1067
437638,1068
437639,1069
437640,1070
437641,1071
437642,1071
437643,1072
437645,1073
437646,1074
437647,1075
437648,1076
437649,1077
437652,884
437654,1078
437655,1078
437656,1078
437657,1078
437658,1078
437659,1078
437660,1079
437662,1080
437670,1081
437671,1082
437672,1082
437674,1083
437675,1084
437676,1084
437677,1084
437678,1084
437679,1084
437680,1085
437681,1085
437682,1085
437683,1085
437684,1085
437685,1085
437686,1085
437687,1086
437688,1086
437697,1087
437698,1088
437699,1088
437700,1089
437703,1090
437704,1091
437705,1091
437706,1091
437707,1091
437722,477
437724,477
437725,477
437729,1092
437734,1093
437736,1094
437740,1094
437741,1095
437742,1096
437745,1097
437747,1098
437748,1098
437749,1098
437750,1099
437751,1100
437754,1101
437755,1101
437756,1101
437757,1102
437759,1103
437760,1104
437763,1105
437764,1106
437766,1107
437768,1108
437769,1109
437770,1110
437771,1110
437772,602
437775,1111
437776,1112
437777,1112
437778,1112
437779,1112
437780,1112
437781,1112
437784,1113
437787,1114
437788,1115
437794,1115
437795,1115
437804,1115
437812,1116
437815,1116
437817,1117
437819,1118
437820,1118
437821,1118
437822,1118
437823,1119
437824,1119
437825,1119
437826,1119
437827,1120
437828,1120
437830,1120
437832,1121
437834,1122
437835,1122
437836,1122
437837,1122
437838,1122
437839,1122
437841,1123
437842,1123
437843,718
437844,1124
437846,1125
437847,1125
437848,1126
437849,1127
437850,1127
437851,1127
437852,1128
437853,1128
437854,1128
437857,1129
437858,1129
437859,1130
437860,1131
437861,1132
437862,1133
437864,1134
437865,1135
437866,1136
437867,1137
437868,905
437869,1138
437870,1138
437871,1138
437872,1139
437873,1138
437874,1138
437875,1139
437876,1140
437877,1141
437878,1141
437879,1141
437880,1141
437881,1141
437882,1141
437883,1142
437884,1142
437885,1143
437886,1144
437887,1145
437888,1145
437889,1146
437890,1146
437891,1146
437892,1147
437893,1148
437894,1149
437895,1150
437896,1150
437897,1151
437898,1152
437899,1152
437900,1152
437902,1153
437903,1154
437909,1155
437910,1155
437912,1156
437914,1157
437915,1158
437916,1159
437917,1160
437918,1160
437919,1160
437919,2552
437920,1161
437921,1162
437922,1163
437923,1164
437925,1165
437926,1165
437927,1165
437928,1165
437935,1166
437936,1167
437937,1168
437939,1169
437941,1170
437942,1171
437943,1171
437944,1171
437945,1172
437953,1173
437954,1174
437955,1175
437956,1176
437957,1177
437964,1178
437965,1178
437966,1178
437967,1178
437968,1179
437970,1180
437971,1180
437972,1180
437973,742
437974,1181
437975,1182
437977,1183
437978,1184
437979,1185
437980,734
437983,1186
437984,734
437985,684
437986,585
437987,552
437988,552
437989,599
437990,599
437991,616
437995,684
437996,684
437997,684
437998,734
437999,713
438000,713
438001,713
438002,870
438003,930
438004,930
438005,930
438006,930
438007,930
438008,930
438009,939
438010,1035
438011,1035
438012,1035
438013,1035
438014,1035
438015,1078
438016,1122
438018,1122
438020,1187
438023,749
438024,749
438025,1014
438026,1115
438030,669
438031,684
438032,1188
438033,1145
438098,1189
438099,535
438100,583
438101,583
438102,583
438103,583
438105,583
438106,583
438107,1181
438110,645
438112,673
438113,716
438116,749
438117,749
438118,1190
438123,1078
438126,1191
438127,1191
438128,1115
438129,1115
438130,1116
438132,1152
438134,1146
438136,599
438139,1192
438144,870
438156,644
438158,619
438159,1193
438169,686
438338,590
438373,1194
438374,738
438375,738
438376,1195
438377,815
438378,815
438379,1033
438380,1056
438381,803
438386,1082
438387,1196
438389,1188
438390,1197
438407,1109
438417,1198
438423,632
438427,1199
438432,740
438434,778
438435,930
438449,541
438465,570
438466,1200
438467,970
438490,1201
438510,1202
438541,1181
438543,1203
438545,1204
438546,1205
438551,552
438559,1206
438590,1181
438603,1207
438605,854
438616,926
438617,1208
438618,592
438619,1209
438620,602
438622,1210
438623,1210
438624,1211
438625,535
438626,1212
438627,1213
438628,1214
438629,1215
438632,1216
438633,1216
438634,1217
438635,616
438636,616
438637,1218
438638,602
438640,1219
438641,1219
438642,1219
438643,1219
438644,1219
438645,1219
438646,1219
438647,1220
438648,1221
438649,1221
438650,1221
438652,1222
438652,1223
438653,1223
438654,1224
438655,671
438658,1225
438659,742
438660,1226
438661,1227
438662,1228
438663,1228
438664,602
438665,1229
438666,1230
438667,1230
438668,1231
438669,1232
438670,1232
438671,1232
438672,1215
438673,1233
438674,1234
438675,602
438676,1235
438677,1236
438678,1237
438679,602
438688,1238
438690,1061
438691,627
438722,734
438724,600
438726,1239
438727,1239
438737,1227
438738,1007
438754,1240
438761,1241
438776,1199
438783,1242
438813,590
438814,645
438815,1035
438816,1052
438817,644
438818,778
438819,870
438820,621
438821,713
438822,1050
438823,930
438824,1016
438836,1243
438844,670
438845,680
438848,1244
438849,1245
438850,1246
438857,644
438887,1189
438947,1247
438948,742
438949,1248
438950,1249
438951,1250
438952,1251
438953,1245
438954,1193
439065,1244
439081,625
439118,1252
439120,1253
439122,1247
439327,639
439333,1254
439337,1145
439343,1193
439344,1193
439346,1255
439349,1211
439350,1256
439351,1214
439352,592
439353,1247
439354,1215
439355,1257
439356,1258
439357,1217
439358,613
439359,1259
439360,616
439361,616
439362,1193
439363,1193
439364,1193
439365,1219
439366,1219
439367,1219
439368,1260
439369,1261
439370,1261
439371,1221
439372,1262
439373,1262
439374,1262
439375,1223
439376,1263
439377,1263
439378,1226
439379,1225
439380,742
439381,1248
439382,1249
439383,1264
439384,1265
439385,1266
439386,1267
439387,1210
439388,1262
439389,1268
439390,914
439391,914
439392,914
439393,1269
439394,1232
439395,1270
439396,1271
439397,1110
439398,1272
439399,1143
439400,1273
439401,1273
439402,1273
439403,1273
439404,1170
439406,1211
439407,616
439408,616
439409,616
439410,1274
439411,1236
439413,1236
439553,654
439631,645
439760,1275
439761,1276
439762,1277
439763,1278
439764,538
439765,1212
439766,1214
439767,1279
439768,1279
439769,1279
439844,1280
439933,1281
439977,735
440326,1282
440327,1258
440328,1258
440329,1217
440330,1217
440331,1193
440332,645
440333,1219
440334,1219
440335,1260
440336,1260
440337,648
440338,1283
440339,1284
440340,1285
440341,1263
440342,1286
440343,1287
440344,671
440345,671
440346,1288
440347,1225
440348,1225
440349,742
440350,602
440351,1289
440352,758
440353,1290
440354,1190
440355,1291
440356,1292
440357,1293
440358,927
440359,1294
440360,1295
440361,1296
440362,1297
440363,1298
440364,1299
440365,1299
440366,1299
440367,1300
440368,1301
440369,1052
440370,1274
440371,1274
440372,1271
440373,1271
440374,1273
440375,1273
440376,1273
440377,1273
440378,1273
440379,1302
440380,1260
440386,1303
440393,1304
440407,1193
440408,637
440409,1263
440459,1269
440460,1245
440464,1253
440568,1305
440723,720
440725,1306
440726,1307
440727,1300
440729,1189
440840,733
440847,1308
440888,1309
440900,1310
440985,1311
441024,1312
441104,1035
441111,1313
441115,910
441226,716
441227,1314
441229,1315
441230,1316
441233,1317
441234,1246
441350,1318
441351,1319
441352,517
441353,517
441354,517
441355,403
441356,1218
441357,1218
441358,1320
441359,1321
441360,1322
441363,671
441364,720
441367,1323
441369,338
441370,338
441374,1324
441378,1145
441755,1325
441768,1326
441769,1174
441933,1327
441965,1328
441967,1193
441969,1205
441971,1037
442183,1329
442356,1330
442488,1014
442761,1331
442849,591
456949,1332
457772,1333
457774,1334
457785,1335
457790,1336
457798,1337
457799,1337
457972,1338
458047,1339
458048,1340
458644,1341
458738,1342
458947,1343
458953,1084
458954,1344
458954,2553
458955,1344
458955,2554
458956,1345
458960,1346
458961,967
458963,982
458964,1347
458965,1348
458966,1063
458967,1349
458970,730
458971,730
458972,730
458973,730
458974,730
458975,730
458976,730
458977,730
458978,730
458979,1350
458980,1350
458981,1349
458982,1350
458983,1350
458985,1350
458986,1350
458987,1351
458988,1351
458989,1351
458990,1350
458991,1350
458992,901
458993,1352
458994,1352
458995,730
458996,730
458997,1351
458999,632
459000,1353
459000,632
459001,1354
459002,893
459003,1355
459004,1355
459005,1356
459006,1357
459007,856
459008,856
459009,1358
459011,1359
459012,1359
459013,1360
459014,1360
459015,1049
459016,549
459017,1361
459018,1361
459019,1362
459020,1363
459021,1364
459022,1364
459023,513
459024,1156
459025,1365
459025,627
459026,627
459027,794
459028,794
459029,1366
459030,1366
459031,1366
459032,1366
459033,1367
459034,749
459035,749
459036,749
459037,1368
459038,1368
459039,696
459040,1369
459041,1370
459042,1371
459043,1371
459044,1372
459045,1373
459046,1374
459047,1375
459049,1376
459050,1377
459051,1378
459052,604
459053,908
459054,908
459055,908
459056,1379
459057,556
459058,1380
459059,806
459060,639
459063,1381
459065,1382
459066,1383
459067,1384
459068,1112
459069,1112
459070,1385
459071,1386
459072,1387
459073,1388
459074,1389
459075,1390
459075,2335
459076,1391
459077,623
459078,1392
459079,1393
459080,768
459081,1394
459082,1032
459083,544
459084,544
459085,771
459086,771
459087,743
459088,743
459089,1395
459090,736
459091,1396
459091,2555
459092,599
459093,616
459094,1397
459095,1397
459096,637
459098,644
459099,669
459100,713
459101,1398
459102,1398
459103,758
459104,758
459105,778
459106,778
459107,930
459108,1007
459109,1035
459110,1035
459111,1035
459112,1035
459113,1035
459114,1052
459115,1052
459116,1078
459117,1078
459118,1082
459119,1082
459120,1082
459121,1085
459122,1399
459123,734
459124,862
459125,1400
459126,1024
459127,1046
459128,651
459129,1401
459131,1401
459132,1402
459133,1372
459134,1403
459135,1355
459136,1084
459139,1404
459140,1404
459141,1404
459142,1405
459143,1406
459144,1407
459145,1408
459146,1408
459147,1408
459148,1408
459149,1408
459150,1408
459151,1408
459152,1408
459153,1408
459154,1409
459155,1409
459156,1409
459157,1410
459158,1411
459159,1411
459160,1412
459161,1412
459162,1412
459163,1413
459164,1414
459165,1415
459166,1415
459167,1416
459168,1417
459169,1417
459170,1417
459171,1417
459172,1410
459173,1410
459174,1410
459175,1410
459176,520
459177,1418
459178,1418
459182,1419
459257,1420
459258,1420
459359,1421
459926,1422
460151,1077
460152,1077
460319,1423
460330,1424
460362,1425
460374,1425
460395,1426
460401,1426
460420,1426
460428,1427
460599,1428
460635,1429
460647,1430
460686,1431
460962,1425
460969,1421
460987,1432
460996,1426
461018,1433
461041,1430
461126,1427
461180,1434
461185,1435
461186,1436
461188,1437
461190,1438
461192,1439
461288,1425
461292,1440
461294,1441
461325,1442
461366,1443
461366,2556
461367,1425
461444,1444
461643,1445
461658,1444
461663,1446
461664,1442
461665,1425
461667,1447
461668,1424
461670,1423
461671,1431
461673,1426
461675,1431
461676,1422
461677,1422
461678,1448
461679,1449
461680,1444
461681,1431
461682,1431
461683,1450
461684,471
461688,1421
461689,1421
462345,1451
470328,856
470600,1345
470873,1452
470874,1452
470875,1452
470876,1452
470877,1452
470878,1452
470919,1452
470920,1452
470921,1452
471730,1453
471903,1454
471904,1455
471905,1455
472301,1456
480513,1457
480553,1458
480566,1459
480569,1460
480585,1461
480594,1462
480597,1463
480657,1464
480661,1465
480702,1466
480704,1467
480718,1414
480725,1468
480737,1460
480738,1460
480740,1469
480811,1470
480894,1471
480896,1472
480898,1473
480900,1474
480909,1475
480911,1476
480912,1477
480914,1478
480930,1479
480931,1480
480953,1481
480985,1482
480987,1483
480988,1484
480989,1485
480992,1485
480993,1485
480996,1486
480997,1487
480998,1488
481000,1489
481004,1490
481017,1491
481023,1466
481024,1466
481025,1466
481027,1466
481028,1466
481029,1466
481030,1466
481031,1466
481032,1466
481033,1466
481036,1492
481038,1493
481135,1494
481136,1495
481148,1496
481152,1497
481164,1498
481165,1499
481189,1500
481190,1501
481197,1458
481226,1502
481233,1503
481234,1504
481235,1505
481429,1506
481430,1407
481432,1507
481433,1508
481434,1473
481435,1509
481436,1510
481437,1497
481438,1511
481441,1512
481446,1513
481450,1514
481452,1515
481453,1516
481455,1505
481457,1517
481459,1518
481467,1502
481468,1519
481484,1520
481485,1500
481486,1521
481487,1412
481489,1522
481494,1404
481496,1411
481498,1523
481499,1524
481500,1525
481501,1526
481502,1512
481503,1527
481504,1524
481505,1525
481518,1528
481549,1529
481634,1530
481639,1531
481643,1532
481644,1484
481657,1533
481664,1497
481669,1470
481671,1534
481685,1507
481687,1535
481689,1511
481691,1513
481695,1536
481696,1503
481712,1537
481753,1524
481755,1538
481756,1539
481763,1404
481767,1540
481772,1541
481774,1524
481780,1542
481784,1524
481785,1543
481855,1544
481859,1545
481860,1464
481861,1546
481866,1547
481868,1548
481871,318
481874,1503
481905,1549
481912,1550
481917,1551
481920,1502
481922,1522
481923,1410
481925,1552
481926,1553
481927,1553
481928,1553
481933,1554
481950,1555
481951,1549
481952,1549
481960,1556
481961,1557
481962,1556
481968,1558
481969,1559
481985,1560
481994,1542
481998,1405
482000,1561
482001,1562
482005,1524
482006,1533
482007,1563
482020,1564
482021,1516
482023,1565
482024,1566
482057,1414
482058,1414
482067,1567
482070,1568
482071,1569
482089,1533
482090,1570
482095,1571
482097,1572
482110,1573
482111,1573
482116,1574
482122,1575
482133,1576
482135,1577
482195,1578
482198,1579
482211,1416
482213,1580
482214,1581
482239,1582
482245,1499
482260,1583
482261,1584
482262,1585
482264,1586
482265,1587
482267,1588
482270,1589
482279,1590
482282,1531
482287,1591
482288,1592
482300,1593
482305,1594
482306,1595
482311,1596
482313,1597
482314,1598
482315,1599
482316,1541
482317,1600
482318,1510
482362,1601
482363,1438
482370,1602
482377,1603
482378,1604
482381,1605
482388,1477
482391,1469
482392,1578
482399,1606
482406,1607
482413,1597
482414,1608
482415,1609
482418,1610
482421,1611
482424,1612
482426,1536
482427,1613
482468,1614
482469,1614
482470,1614
482471,1614
482472,1614
482474,1614
482483,1615
482484,1615
482491,1511
482510,1407
482511,1616
482518,1617
482528,1618
482535,1619
482543,1620
482558,1621
482564,1533
482588,1622
482592,1623
482595,1624
482596,1416
482597,1625
482598,1419
482599,1626
482600,1626
482601,1626
482602,1626
482603,1626
482604,1626
482605,1626
482607,1627
482613,1628
482616,1629
482624,1630
482625,1630
482626,1631
482630,1416
482632,1632
482633,1633
482634,1634
482635,1635
482639,1636
482659,1637
482660,1638
482662,1639
482667,1640
482668,1641
482672,1642
482673,1643
482677,1644
482690,1635
482697,1645
482698,1646
482699,1647
482700,1648
482704,1560
482705,1649
482711,1650
482719,1651
482720,1652
482722,1653
482729,1654
482730,1655
482731,1656
482732,1657
482738,1658
482740,1491
482746,1659
482752,1660
482801,1661
482803,1662
482809,1663
482810,1599
482811,1664
482817,1665
482819,1666
482820,1667
482825,1668
482829,1669
482835,1533
482836,1533
482967,1670
482975,1671
482976,1499
482980,1672
482981,1673
482982,1674
482984,1675
482999,1676
483000,1677
483000,2557
483001,1678
483009,1679
483031,1680
483032,1681
483033,1682
483038,1683
483039,1647
483040,1684
483042,1685
483066,1686
483102,1687
483105,1688
483106,1560
483107,1548
483113,1689
483117,1690
483118,1691
483124,1692
483135,1693
483160,1693
483161,1693
483162,1693
483166,1693
483167,1693
483168,1693
483171,1693
483174,1693
483176,1693
483178,1693
483198,1694
483199,1695
483201,1696
483202,1697
483230,1520
483231,1698
483234,1404
483235,1407
483246,1699
483257,1700
483268,1700
483279,1701
483290,1701
483301,1412
483312,1412
483322,1412
483330,1412
483333,1404
483334,1702
483344,1703
483355,1469
483366,1469
483377,1081
483388,1410
483440,1404
483494,1404
483504,1405
483515,1406
483526,1704
483537,1705
483548,1407
483560,1706
483561,1707
483562,1708
483565,1512
483590,1709
483762,1610
483767,1563
483846,1564
483869,1710
483870,1511
483871,1511
483872,1511
483873,1511
483878,1511
483879,1636
483883,1663
483884,1711
483885,1712
483906,1713
483907,1714
483918,1715
483925,1716
483928,1571
484154,1563
484155,1717
484178,1718
484179,1719
484180,1719
484184,1720
484188,1721
484193,1722
484194,1723
484212,1540
484215,1724
484220,1533
484222,1725
484249,1726
484258,1727
484259,1728
484260,1729
484264,1730
484274,1731
484275,1732
484344,1733
484360,1476
484361,1476
484362,1476
484372,1734
484385,1735
484387,1736
484389,1737
484399,1645
484400,1539
484402,1738
484409,1530
484416,1739
484418,1740
484419,1741
484420,1742
484423,1743
484425,1744
484427,1629
484429,1745
484432,1746
484433,1747
484437,1748
484438,1749
484453,1750
484457,1476
484462,1751
484470,1752
484506,1753
484522,1642
484524,1754
484525,1755
484526,1756
484530,1524
484533,1507
484534,1757
484535,1758
484536,1759
484537,1760
484556,1623
484558,1598
484559,1533
484561,1564
484562,1505
484563,1733
484564,1761
484574,1625
484636,1489
484638,1762
484641,1531
484653,1763
484655,1764
484679,1532
484680,1532
484681,1532
484682,1532
484683,1532
484684,1532
484685,1532
484686,1532
484687,1532
484688,1532
484690,1765
484691,1766
484693,1767
484694,1767
484697,1768
484700,1769
484701,1679
484716,1770
484717,1419
484718,1771
484723,1523
484726,1772
484729,1571
484730,1773
484735,1774
484736,1774
484737,1775
484738,1776
484749,1777
484753,1778
484754,1779
484755,1780
484757,1781
484760,1782
484763,1783
484764,1783
484767,1784
484771,1627
484775,1785
484782,1786
484787,1693
484789,1787
484799,1788
484803,1789
484827,1790
484828,1560
484829,1598
484830,1791
484831,1791
484832,1791
484833,1791
484835,1792
484836,1793
484837,1794
484857,1541
484879,1795
484880,1796
484885,1797
484891,1761
484894,471
484905,1798
484935,1799
484938,1800
484942,1801
484943,1541
484952,1533
484954,1617
484957,1802
484959,1803
484962,1804
484963,1804
484964,1642
484965,1805
484969,1707
484970,1806
484972,1620
485022,1807
485031,1808
485033,1809
485034,1680
485039,1810
485041,1811
485043,1481
485044,1812
485058,1813
485059,1814
485063,1815
485073,1614
485074,1614
485075,1614
485145,1816
485146,1817
485147,1818
485156,1819
485164,1820
485188,1821
485191,1822
485194,1823
485196,1824
485203,1825
485204,1826
485205,1827
485210,1828
485211,1829
485213,1828
485214,1830
485216,1831
485217,1831
485218,1832
485219,1833
485221,1834
485222,1835
485226,1836
485230,1837
485243,1838
485244,1839
485245,1839
485249,1840
485252,1841
485253,1841
485255,1842
485256,1843
485289,1512
485302,1483
485305,1844
485308,1845
485312,1846
485315,1847
485318,1768
485319,1516
485320,1750
485325,1848
485338,1849
485339,1850
485347,1851
485348,1852
485350,1853
485352,1854
485378,1855
485385,1856
485386,1857
485387,1856
485403,1858
485405,1698
485406,1469
485407,1859
485411,1860
485415,1587
485416,1861
485420,1862
485424,1863
485436,1864
485437,1413
485500,1865
485502,1866
485503,1867
485507,1868
485515,1491
485516,1869
485517,1516
485551,1870
485555,1870
485633,1871
485639,1775
485654,1872
485667,1873
485682,1764
485683,1874
485685,1549
485687,1875
485694,1876
485699,1644
485702,1877
485703,1878
485705,1845
485706,1879
485713,1733
485714,1880
485717,1645
485719,1568
485720,1881
485723,1882
485724,1883
485725,1466
485729,1884
485730,1884
485731,1884
485732,1884
485751,1508
485759,1885
485760,1886
485761,1857
485768,1887
485769,1887
485775,1888
485787,1869
485788,1889
485795,1890
485797,1891
485798,1574
485803,1892
485804,1893
485805,1894
485806,1895
485807,1896
485820,1897
485821,1898
485827,1899
485840,1900
485842,1516
485843,1516
485900,1901
485900,2558
485901,1902
485903,1903
485910,1904
485911,1905
485914,1823
485922,1906
485923,1907
485924,1908
485934,1909
485944,1910
485944,2559
485945,1911
485946,1912
485962,1732
485963,1538
486005,1516
486007,1597
486008,1597
486009,1662
486010,1662
486011,1913
486012,1733
486014,1914
486037,1915
486038,1916
486042,1917
486043,1917
486044,1917
486045,1917
486049,1491
486053,1918
486054,1918
486055,1919
486060,1920
486072,1921
486074,1922
486075,1923
486081,1469
486160,1924
486161,1924
486162,1469
486163,1560
486180,1925
486182,1703
486184,1926
486186,1927
486188,1928
486189,1929
486190,1929
486191,1929
486192,1929
486196,1930
486197,1930
486203,1931
486206,1932
486225,1933
486231,1930
486237,1930
486238,1930
486239,1930
486244,1404
486245,1930
486246,1930
486251,1934
486252,1930
486255,1935
486256,1935
486258,1628
486259,1628
486265,1936
486267,1937
486270,1405
486271,1524
486272,1524
486273,1524
486274,1524
486275,1524
486276,1524
486277,1524
486278,1524
486279,1524
486280,1524
486281,1524
486282,1524
486283,1524
486284,1524
486285,1593
486286,1938
486288,1939
486291,1940
486296,1941
486298,1517
486299,1942
486301,1943
486304,1944
486307,1945
486308,1946
486309,1947
486311,1876
486315,1918
486316,1948
486321,1949
486322,1950
486323,1950
486324,1950
486325,1950
486326,1950
486327,1950
486328,1950
486329,1950
486335,1407
486336,1703
486337,1413
486338,1951
486339,1952
486351,1953
486359,1954
486363,1955
486366,1956
486371,1564
486374,1957
486375,1958
486376,1959
486392,1913
486393,1913
486395,1820
486397,1598
486398,1683
486401,1960
486406,1593
486407,1644
486408,1961
486414,1962
486415,1597
486419,1963
486423,1770
486424,1964
486428,1412
486429,1785
486522,1965
486531,1539
486578,1602
486581,1966
486582,1947
486583,1967
486590,1968
486595,1969
486596,1924
486598,1535
486600,1970
486611,1971
486633,1827
486652,1972
486656,1973
486657,1974
486658,1975
486660,1976
486662,1977
486665,1476
486669,1568
486670,1475
486686,1571
486694,1978
486702,1419
486705,1979
486726,1980
486735,1627
486738,1936
486739,1469
486740,1467
486741,1405
486742,1405
486743,1405
486744,1981
486745,1602
486750,1469
486753,1469
486754,1469
486755,1469
486758,1685
486759,1982
486760,1795
486765,1516
486766,1516
486767,1516
486768,1516
486772,1563
486773,1957
486783,1983
486788,1597
486789,1984
486790,1985
486814,1535
486820,1986
486823,1987
486836,1951
486838,1770
486839,1405
486840,1951
486841,1469
486842,1469
486843,1469
486844,1469
486845,1469
486846,1703
486847,1982
486850,1988
486878,1957
486879,1953
486881,1503
486893,1989
486894,1990
486895,1990
486909,1491
486920,1412
486921,1683
486923,1642
486939,1991
486950,1992
486951,1992
486970,1993
486983,1994
486996,1995
487030,1596
487031,1996
487032,1997
487036,1998
487039,1469
487065,1999
487081,1512
487084,1404
487085,1411
487086,1500
487097,2000
487141,2001
487144,2002
487166,1996
487182,2003
487337,2004
487338,2005
487400,2006
487463,2007
487558,2008
487582,2009
487604,1460
487609,2010
487682,2011
487688,2008
487695,2012
487713,1654
487715,2013
487717,2014
487718,1750
487719,1672
487720,1993
487723,2015
487724,1912
487725,1563
487727,2016
487741,2017
487759,1460
487762,2018
487764,1791
487765,2019
487767,2020
487768,1965
487769,1733
487781,1654
487806,1978
487807,2021
487826,2022
487827,2023
487832,1886
487833,2024
487834,2012
487835,1733
487836,2025
487844,2026
487846,1750
487848,2027
487849,2028
487850,2029
487857,2030
487858,2031
487859,2032
487860,2033
487862,1593
487864,2034
487868,2035
487870,2011
487871,2036
487872,2037
487901,1557
487904,2038
487905,2039
487929,2040
487930,2040
487964,1886
487965,1773
487978,2041
487981,2042
487982,2043
487992,2044
487998,2045
488001,2046
488004,2047
488015,1458
488017,2048
488029,2049
488030,1993
488031,1980
488032,2050
488033,1886
488034,2051
488035,2052
488036,1662
488037,2053
488038,2054
488039,2055
488041,2056
488042,2057
488044,2058
488045,1969
488060,2003
488089,2016
488090,2059
488091,2038
488092,2060
488107,2061
488108,2062
488125,2063
488126,1924
488128,1930
488135,2064
488146,2065
488147,2066
488153,2067
488154,2068
488155,1659
488156,2069
488161,2070
488164,2071
488166,2072
488167,2073
488168,2072
488169,1609
488194,2074
488206,2075
488207,2003
488221,1469
488229,1791
488231,2076
488233,2077
488259,1410
488266,1563
488276,1733
488291,1413
488292,1654
488293,1914
488294,2078
488295,2079
488300,1930
488301,2080
488315,2081
488317,2010
488319,2082
488429,1469
488462,2075
488464,2075
488472,2083
488479,1913
488480,1913
488481,1913
488482,1913
488484,1913
488485,1662
488486,1662
488487,1662
488488,1662
488489,1662
488490,1662
488491,1662
488492,1662
488493,1662
488495,1662
488496,2084
488497,2085
488563,1662
488564,1913
488577,2086
488596,1469
488600,1791
488605,1535
488607,1568
488608,1568
488609,1568
488610,488
488611,2056
488613,1924
488614,2087
488615,1969
488618,2088
488619,1491
488620,1518
488621,2089
488622,2071
488623,2090
488625,1470
488626,1502
488628,2091
488629,2092
488632,1699
488643,1451
488645,479
488647,2093
488649,1993
488650,1950
488651,2094
488655,2021
488659,2089
488660,2095
488662,2096
488664,1516
488668,2097
488674,2098
488675,1512
488676,2099
488685,2100
488687,1582
488689,1728
488690,1469
488692,2101
488693,1410
488694,1791
488695,2096
488697,1510
488702,2102
488710,1469
488711,1469
488722,2091
488723,2103
488725,1466
488726,1466
488727,2104
488730,2012
488731,2105
488732,2106
488733,2106
488734,2106
488735,2106
488745,2063
488750,2107
488756,1597
488757,2108
488758,2060
488760,1801
488761,1562
488763,2109
488764,1512
488765,1857
488766,2110
488768,2111
488771,2112
488772,2003
488773,1458
488774,1563
488777,2113
488778,2114
488781,1662
488782,1475
488783,2115
488787,2116
488790,1458
488791,1458
488800,2117
488801,2118
488807,2119
488820,1407
488825,2120
488826,2121
488840,2027
488841,1659
488842,1659
488853,1410
488856,2122
488876,2123
488879,1470
488880,471
488883,1729
488885,2124
488886,2125
488887,2126
488889,2127
488890,2128
488891,2080
488892,2129
488893,1914
488897,2130
488900,1977
488903,1982
488904,2131
488906,1470
488908,1597
488909,1716
488910,2132
488911,1610
488914,1473
488915,2133
488916,1511
488917,2134
488920,1413
488922,2050
488927,1982
488928,2135
488936,2136
488937,1699
488938,1568
488943,2137
488944,1930
488954,1563
488955,2138
488960,1509
488964,2121
488970,1857
488973,2139
488974,1458
488975,2140
488976,2091
488977,2141
488978,1617
488979,1493
488981,1544
489009,2142
489011,1626
489012,2143
489020,2144
489052,2116
489055,2010
489056,1466
489057,2130
489058,2027
489059,1510
489060,1761
489062,2145
489063,1791
489064,1791
489100,2146
489102,1982
489124,1469
489126,2147
489127,2147
489131,1460
489141,1980
489143,2147
489156,1791
489164,2148
489223,1412
489227,2149
489228,2149
489238,1527
489245,1791
489246,1896
489252,1980
489258,2012
489260,2003
489262,1699
489263,1964
489281,1791
489301,2038
489302,1516
489304,1404
489305,1984
489306,1899
489307,1489
489321,2108
489324,1518
489330,1458
489335,2150
489336,2010
489337,2133
489343,2151
489346,2152
489348,2153
489349,1407
489359,2154
489360,1791
489403,1801
489404,1404
489407,2021
489408,2021
489409,1533
489421,2091
489431,1947
489498,1411
489502,1404
489503,1596
489504,2155
489511,2127
489513,1733
489537,2156
489541,2157
489542,2158
489543,1951
489544,1951
489545,1951
489546,1951
489548,1414
489549,1414
489550,1445
489551,1445
489552,2159
489553,2159
489554,2159
489555,2159
489556,1410
489558,1458
489559,1458
489573,1987
489581,2051
489586,1703
489587,1563
489589,1563
489598,2159
489623,1426
489624,2160
489625,2160
489626,2161
489627,1405
489629,1407
489630,1421
489631,2162
489632,2162
489633,2162
489634,2163
489636,2164
489637,2165
489638,1770
489640,1412
489641,1412
489642,1982
489643,1982
489645,1469
489653,1526
489674,2092
489687,1404
489693,1471
489700,1508
489701,2166
489702,2167
489707,2026
489709,2131
489713,2168
489714,1502
489715,2169
489766,1528
489800,1489
489803,2170
489804,2170
489806,1466
489807,1466
489808,1947
489809,1526
489810,1801
489812,1801
489813,1791
489814,1791
489822,2171
489871,2172
489963,1602
489964,1413
489966,2173
489967,1405
489968,1405
489969,1405
489970,2174
489971,1406
489972,1467
489974,1407
489975,1602
489976,2175
489977,1419
489982,2176
489983,1981
489986,1693
489987,1419
489988,1770
489989,1770
489990,1770
489991,1412
489994,1412
489995,1412
489996,1412
489997,1412
489998,1404
490001,1685
490002,1685
490003,1685
490004,1685
490005,1685
490008,1685
490009,1404
490010,1685
490011,1982
490012,1900
490013,1469
490014,1469
490018,1469
490020,1404
490021,1469
490022,1469
490024,1469
490025,1469
490028,1413
490029,1404
490030,2127
490031,2127
490032,2127
490033,1417
490034,1417
490035,1410
490036,471
490037,1469
490038,1404
490039,1405
490060,1981
490064,2177
490068,1981
490078,1627
490081,2178
490093,1565
490097,2179
490117,1533
490120,1533
490127,1533
490128,1711
490131,2180
490146,1410
490147,1410
490175,1906
490176,2130
490177,1763
490181,1913
490182,2175
490183,2181
490184,1947
490187,2170
490190,1491
490191,1516
490192,1851
490193,2182
490194,1761
490195,1761
490196,1518
490197,1511
490201,1770
490202,2183
490204,1526
490205,1526
490206,1473
490209,1685
490212,1801
490213,2184
490214,1503
490216,1507
490217,1617
490218,1571
490219,2131
490220,1476
490225,1532
490227,2125
490229,1497
490232,2130
490243,1407
490244,2185
490248,2186
490254,1761
490255,1761
490256,1761
490259,318
490260,1081
490261,1081
490587,1469
490677,2187
490678,1720
490739,2188
490750,2189
490751,1404
490814,1593
490834,2190
490941,2191
491233,2192
491234,1676
491283,2027
491290,2027
491292,2193
491586,2194
491587,2195
491647,2196
491708,2197
491719,1564
491760,1647
491764,2198
491799,1803
491804,2199
491857,2146
491923,2200
491924,1916
491963,1577
491964,2201
491967,1602
492055,2202
492277,2203
492319,1482
492337,2204
492345,1407
492358,1907
492371,1533
492373,2205
492420,2166
492421,2206
492428,2133
492460,2207
492486,2208
492495,1896
492691,1767
492694,2209
492697,2210
492698,1602
492699,2176
492700,1412
492701,1685
492702,2127
492729,1419
492730,1406
492731,1542
492732,1407
492733,1602
492734,2211
492735,1412
492736,1412
492737,1412
492738,2212
492745,1404
492746,1405
492757,2213
492759,2214
492825,2215
493210,1961
493214,2216
493552,2217
493602,2218
493628,2219
493629,1907
493694,2220
493756,2221
493758,2212
493764,2222
493793,2223
493874,1533
493875,1533
493876,1533
493903,1564
494057,1623
494061,1711
494302,1406
494303,1406
494306,2224
494387,2225
494418,1505
494509,2226
494822,2227
494824,2227
494826,2173
494837,1419
494981,1616
495130,1927
495161,1720
495238,1720
495241,1916
495248,2228
495261,1407
495270,1731
495279,1683
495297,1458
495311,1995
495318,2227
495325,1541
495450,1857
495545,2229
495554,1937
495585,1412
496094,2230
496203,2231
496213,2232
496214,2232
496217,1549
496229,2233
496230,2233
496231,2233
497082,2234
497112,2235
497143,2236
497600,2237
497769,2238
498256,2239
498390,2240
498560,2241
498617,1585
498651,2242
498803,2243
498804,2243
498808,2244
498809,2244
499032,2245
499034,1579
499035,1578
499484,2246
499550,1610
499553,1761
499566,2247
499631,2248
499663,2249
499732,2250
500031,2251
500032,2251
500033,2252
500192,2226
500193,2226
500194,1469
500399,1405
500421,1981
500430,2253
500431,1770
500436,1404
500456,1995
500488,1770
504538,2254
505722,2255
623093,2256
625023,2257
625307,1570
626692,1331
629108,2258
629928,684
631270,2259
631633,2260
631985,2261
632918,2262
632919,2263
632920,2264
632921,2265
632922,2266
632923,2267
632925,2268
632926,2269
632927,2270
632928,1498
632933,2271
632936,1549
632937,2272
632939,1628
632940,2273
632942,1822
632944,2274
632947,1811
632950,2275
632951,2276
632952,2277
632953,2278
632954,2279
632955,2280
632956,2281
632957,2282
632958,1678
632959,2283
632960,2284
632961,2285
632962,2286
632963,2287
632964,2288
632965,2289
632966,2290
632967,1796
632968,2291
632969,1788
632970,2292
632971,2293
632972,2294
632973,2295
632974,2296
632975,2297
632976,1589
632977,2298
632978,1523
632979,1848
632980,2299
632981,2300
632982,2301
632983,1944
632984,2302
632985,2303
632986,2304
632987,2305
632988,1578
632989,2306
632990,2307
632991,2308
632992,2309
632993,2310
632994,2311
632995,1966
632996,2312
632997,2009
632998,1944
632999,2281
633000,2313
633001,2314
633002,2315
633003,2316
633004,2317
633005,2318
633006,2319
633007,2320
633008,1726
633009,2321
633011,2322
633012,1564
634108,2323
634759,2324
635384,2325
635395,2325
635399,2325
635400,2325
635401,2325
637119,1755
637222,2226
637222,2560
638131,2326
638362,1598
639544,1343
639777,2016
639778,2016
639779,2016
640046,2327
641257,2328
641448,2329
643540,2330
644093,2160
645148,2331
645778,71
646469,1981
646740,2332
647338,2333
648354,2334
648883,2335
651079,2336
651837,720
652416,2337
652706,1555
653465,2338
653670,2339
653726,2339
653728,2339
653729,2339
653730,2339
653738,2340
653739,2340
653742,2341
653744,2342
653753,2343
653754,2343
653758,2344
653759,2344
653760,2345
653761,2345
655744,2346
655814,2347
655815,2348
655819,2349
655833,2350
655944,2350
655947,2351
655949,2352
655950,2353
657683,2354
657685,2355
658681,431
659875,2356
662317,1576
663584,2357
663608,2358
665702,1308
667298,2359
669033,588
669035,1541
669451,2360
670765,2361
671401,2362
671456,2363
675873,1545
676458,2364
677108,1533
677109,1533
677110,1533
677111,1533
677112,1533
677113,1533
677114,1533
677115,1533
677116,1533
677117,1533
677118,1533
677119,1533
677910,2365
678013,2366
679069,2367
679656,2233
679658,2233
679686,2368
679844,2369
680923,2370
681017,398
681018,398
681021,2371
681023,2371
684606,195
685040,720
685337,2372
686268,2373
687431,2374
687513,2375
687836,2376
687841,2376
688224,2377
688226,2378
688593,1549
688594,1549
689627,2379
689628,2379
689957,1549
690375,2380
692597,493
693700,1918
694642,2381
694690,1549
695495,552
695496,999
695500,1215
695523,1257
695524,1258
695525,1259
695526,1193
695528,742
695529,2382
695531,1250
695533,2383
695534,1301
695535,602
695536,1145
696713,2384
696714,2384
698529,2385
698736,2386
698738,2386
698739,2386
698749,1327
698757,1405
700412,2386
700697,2387
701452,2388
701989,174
702565,2389
702752,2390
702950,2391
705226,2392
705667,1491
706802,2393
706803,2393
707486,384
712013,2394
712182,2395
712209,2396
712219,2397
712220,2397
712539,2398
712946,2399
716525,2400
718431,466
718433,466
718434,466
719486,2401
724721,2336
725889,2400
725932,2402
726543,367
727970,2403
728021,2404
728075,2405
728108,1916
728109,1533
729894,2406
733808,2407
736275,2408
740620,2409
742651,349
742652,349
744263,2410
744549,1588
744945,2411
745853,2108
746743,2412
747042,1619
747199,2413
747276,2414
747297,2415
747303,2415
747607,2416
747674,2108
748346,1981
748947,2417
749431,2418
749517,1538
749639,2419
750855,2420
752037,2421
752047,262
752049,2422
753981,2423
754093,2424
754588,2425
754594,2425
754595,2425
754596,2425
755130,2426
755136,2426
759618,73
760930,1679
761196,1491
761207,1481
761208,1533
761209,1533
761218,2427
761234,1481
761235,1533
761270,2427
761570,1059
764086,2428
764087,2429
764089,2430
764089,2335
764090,2335
764091,2335
764092,2335
764093,2335
764094,2335
764095,2335
764096,2335
765275,2431
765285,365
765918,2432
766640,2433
768547,2434
769294,2435
769297,2330
769369,2436
770595,2437
772894,2410
775492,2438
778080,1413
778160,2439
778892,2440
780292,2441
782303,583
782304,644
782305,2442
782306,828
782307,828
782308,936
785032,2443
785222,386
785431,2444
786045,2445
786134,2446
786261,2447
786826,1555
788887,1916
788905,1247
789381,2172
789383,1587
789384,2144
812446,1948
812449,2211
812505,2448
812505,1101
812918,2449
813585,8
813594,8
814971,2450
815112,2451
816458,2452
816514,2453
816515,2454
816519,2455
816520,2456
816522,2453
816523,2453
816618,2457
816621,2333
816624,2394
816624,2561
816629,2458
816630,2459
816789,2460
816791,2460
817124,927
817303,2402
817504,535
817649,1469
818842,2461
821719,1541
821931,25
822083,1059
822544,2462
822572,2463
822573,2463
822574,2463
822575,2463
822576,2464
822577,2464
822850,2465
822852,2466
823222,2467
823225,2467
823227,2468
823228,2469
823229,2469
823230,2470
823703,2462
823704,2462
824353,2471
825667,412
825669,412
825706,419
825708,422
825709,422
825710,2472
825710,2562
825711,2473
825711,2563
825718,416
825720,2474
827290,2475
828241,1197
828497,598
828789,2476
830723,1731
830724,2312
834263,2395
834269,2477
835042,2478
838174,2365
838176,2479
838178,98
839033,2480
839034,2480
839035,2480
839041,1262
839044,1262
839045,2481
839209,2482
839415,2478
839876,1961
840967,2483
841439,1991
841443,1991
841475,2484
843724,2485
843725,303
843833,1822
844289,2486
844400,1731
844401,1731
844402,1731
844403,1731
844404,1731
844405,1731
845334,57
846945,2487
847010,2137
847023,837
847024,837
848137,621
848284,2095
848286,2488
848290,2489
848796,2490
848826,2491
848948,1963
849199,2492
851638,2493
852556,2214
852668,2494
853236,2495
853449,2496
853450,2497
853894,405
853982,2498
854635,2499
855011,2225
856229,2500
856295,2501
856309,2016
856411,2502
856622,405
856711,2503
856712,2503
856713,2503
856714,2503
856715,2503
856716,2504
856989,2505
856990,2506
857029,405
857030,405
857031,405
857093,2507
857624,2508
857900,2226
858236,2509
858237,2509
861087,2510
861089,2510
871987,1578
872016,2511
875633,2512
875634,2513
875634,2564
875661,2514
875741,2515
887898,1541
888197,2516
888924,2517
889125,2518
889257,2519
891354,2520
892339,2521
892457,2522
892458,2523
892461,2524
894279,2525
894493,2526
895906,2527
895946,2528
