object_id,department_id
466,1
467,1
468,1
469,1
470,1
471,1
472,1
473,1
474,1
475,1
482,1
483,1
484,1
485,1
486,1
500,1
3926,1
3963,1
3970,1
3971,1
5223,1
5896,1
7499,1
10028,1
10035,1
10049,1
10061,1
10062,1
10065,1
10066,1
10067,1
10068,1
10070,1
10072,1
10075,1
10076,1
10077,1
10080,1
10081,1
10082,1
10083,1
10084,1
10085,1
10087,1
10092,1
10093,1
10116,1
10126,1
10127,1
10128,1
10131,1
10136,1
10138,1
10142,1
10147,1
10148,1
10149,1
10150,1
10151,1
10152,1
10154,1
10155,1
10156,1
10158,1
10159,1
10174,1
10175,1
10176,1
10177,1
10178,1
10180,1
10181,1
10182,1
10183,1
10184,1
10185,1
10186,1
10190,1
10191,1
10194,1
10195,1
10196,1
10198,1
10207,1
10209,1
10210,1
10215,1
10235,1
10239,1
10240,1
10241,1
10246,1
10247,1
10251,1
10252,1
10254,1
10255,1
10256,1
10258,1
10259,1
10337,1
10338,1
10351,1
10352,1
10353,1
10371,1
10375,1
10376,1
10381,1
10388,1
10391,1
10393,1
10400,1
10401,1
10402,1
10406,1
10421,1
10422,1
10423,1
10425,1
10430,1
10431,1
10434,1
10435,1
10436,1
10437,1
10438,1
10439,1
10440,1
10441,1
10442,1
10443,1
10444,1
10445,1
10446,1
10447,1
10448,1
10449,1
10450,1
10451,1
10452,1
10453,1
10454,1
10455,1
10456,1
10457,1
10458,1
10459,1
10460,1
10461,1
10462,1
10463,1
10464,1
10465,1
10466,1
10467,1
10468,1
10469,1
10470,1
10471,1
10472,1
10473,1
10474,1
10475,1
10476,1
10478,1
10480,1
10481,1
10482,1
10491,1
10492,1
10493,1
10496,1
10497,1
10499,1
10500,1
10501,1
10503,1
10504,1
10505,1
10507,1
10508,1
10509,1
10510,1
10516,1
10517,1
10519,1
10521,1
10522,1
10524,1
10526,1
10527,1
10530,1
10531,1
10533,1
10534,1
10535,1
10537,1
10554,1
10555,1
10557,1
10559,1
10560,1
10566,1
10570,1
10578,1
10584,1
10586,1
10587,1
10589,1
10590,1
10607,1
10610,1
10612,1
10614,1
10628,1
10629,1
10630,1
10644,1
10647,1
10649,1
10657,1
10674,1
10705,1
10708,1
10730,1
10738,1
10742,1
10743,1
10745,1
10746,1
10747,1
10749,1
10762,1
10767,1
10768,1
10769,1
10771,1
10777,1
10783,1
10784,1
10785,1
10786,1
10788,1
10790,1
10791,1
10793,1
10794,1
10795,1
10796,1
10798,1
10799,1
10800,1
10801,1
10805,1
10806,1
10808,1
10809,1
10810,1
10811,1
10812,1
10813,1
10817,1
10819,1
10820,1
10824,1
10825,1
10827,1
10828,1
10830,1
10832,1
10833,1
10834,1
10835,1
10836,1
10837,1
10843,1
10845,1
10846,1
10848,1
10849,1
10850,1
10851,1
10852,1
10853,1
10858,1
10859,1
10860,1
10861,1
10862,1
10863,1
10864,1
10865,1
10866,1
10867,1
10874,1
10878,1
10879,1
10880,1
10890,1
10894,1
10895,1
10897,1
10905,1
10915,1
10916,1
10919,1
10922,1
10923,1
10924,1
10925,1
10930,1
10933,1
10934,1
10935,1
10936,1
10937,1
10939,1
10944,1
10945,1
10946,1
10947,1
10950,1
10952,1
10954,1
10955,1
10959,1
10960,1
10966,1
10967,1
10968,1
10974,1
10975,1
10976,1
10978,1
10980,1
10984,1
10988,1
10989,1
10990,1
10991,1
10993,1
10994,1
10995,1
10996,1
10997,1
11001,1
11006,1
11007,1
11008,1
11011,1
11012,1
11020,1
11028,1
11029,1
11031,1
11032,1
11034,1
11035,1
11036,1
11038,1
11040,1
11042,1
11046,1
11050,1
11051,1
11052,1
11053,1
11054,1
11055,1
11057,1
11058,1
11060,1
11061,1
11062,1
11063,1
11075,1
11077,1
11079,1
11080,1
11081,1
11082,1
11083,1
11088,1
11101,1
11103,1
11104,1
11105,1
11107,1
11111,1
11112,1
11113,1
11116,1
11117,1
11122,1
11123,1
11126,1
11127,1
11130,1
11133,1
11134,1
11135,1
11136,1
11137,1
11140,1
11141,1
11142,1
11145,1
11149,1
11159,1
11160,1
11168,1
11170,1
11173,1
11174,1
11175,1
11176,1
11177,1
11179,1
11180,1
11181,1
11182,1
11187,1
11188,1
11189,1
11191,1
11192,1
11193,1
11194,1
11195,1
11199,1
11201,1
11205,1
11207,1
11208,1
11209,1
11212,1
11215,1
11223,1
11224,1
11226,1
11227,1
11228,1
11229,1
11230,1
11231,1
11232,1
11233,1
11234,1
11235,1
11239,1
11240,1
11241,1
11243,1
11247,1
11249,1
11250,1
11253,1
11255,1
11256,1
11258,1
11259,1
11260,1
11261,1
11262,1
11263,1
11264,1
11265,1
11267,1
11269,1
11273,1
11274,1
11275,1
11276,1
11277,1
11278,1
11279,1
11281,1
11282,1
11284,1
11287,1
11289,1
11290,1
11301,1
11302,1
11303,1
11304,1
11307,1
11308,1
11309,1
11310,1
11311,1
11312,1
11313,1
11314,1
11315,1
11316,1
11317,1
11318,1
11319,1
11320,1
11321,1
11322,1
11323,1
11324,1
11325,1
11326,1
11328,1
11329,1
11332,1
11347,1
11348,1
11365,1
11366,1
11370,1
11379,1
11383,1
11392,1
11393,1
11395,1
11396,1
11397,1
11403,1
11405,1
11406,1
11407,1
11408,1
11409,1
11411,1
11417,1
11418,1
11431,1
11433,1
11436,1
11437,1
11448,1
11451,1
11470,1
11471,1
11480,1
11481,1
11483,1
11495,1
11512,1
11515,1
11517,1
11518,1
11521,1
11524,1
11525,1
11543,1
11553,1
11555,1
11556,1
11557,1
11558,1
11583,1
11584,1
11585,1
11586,1
11587,1
11589,1
11591,1
11597,1
11598,1
11600,1
11602,1
11604,1
11605,1
11609,1
11610,1
11611,1
11614,1
11619,1
11620,1
11621,1
11623,1
11624,1
11626,1
11627,1
11628,1
11630,1
11631,1
11635,1
11636,1
11641,1
11651,1
11654,1
11655,1
11656,1
11657,1
11658,1
11659,1
11674,1
11675,1
11682,1
11683,1
11685,1
11692,1
11697,1
11703,1
11707,1
11710,1
11712,1
11713,1
11716,1
11718,1
11719,1
11723,1
11728,1
11734,1
11737,1
11739,1
11740,1
11741,1
11742,1
11743,1
11744,1
11745,1
11758,1
11759,1
11761,1
11762,1
11763,1
11764,1
11765,1
11766,1
11767,1
11771,1
11774,1
11775,1
11776,1
11777,1
11778,1
11779,1
11780,1
11797,1
11798,1
11799,1
11800,1
11801,1
11803,1
11804,1
11809,1
11813,1
11834,1
11835,1
11837,1
11851,1
11853,1
11854,1
11857,1
11858,1
11864,1
11867,1
11894,1
11903,1
11904,1
11911,1
11913,1
11934,1
11936,1
11938,1
11939,1
11957,1
11974,1
11975,1
11976,1
11977,1
11978,1
11979,1
11980,1
11981,1
11982,1
11983,1
11984,1
12024,1
12026,1
12028,1
12037,1
12038,1
12052,1
12061,1
12065,1
12071,1
12072,1
12073,1
12074,1
12100,1
12108,1
12110,1
12121,1
12122,1
12127,1
12128,1
12131,1
12136,1
12137,1
12140,1
12141,1
12149,1
12153,1
12159,1
12162,1
12178,1
12266,1
12284,1
12302,1
12303,1
12310,1
12443,1
12446,1
12447,1
12456,1
12470,1
12471,1
12477,1
12534,1
12541,1
12542,1
12543,1
12545,1
12551,1
12552,1
12554,1
12569,1
12572,1
12578,1
12600,1
12601,1
12602,1
12603,1
12605,1
12630,1
12631,1
12639,1
12641,1
12643,1
12644,1
12646,1
12647,1
12648,1
12658,1
12661,1
12662,1
12663,1
12664,1
12665,1
12666,1
12667,1
12668,1
12669,1
12670,1
12671,1
12672,1
12673,1
12674,1
12675,1
12676,1
12677,1
12678,1
12680,1
12681,1
12683,1
12687,1
12690,1
12692,1
12693,1
12694,1
12696,1
12698,1
12699,1
12701,1
12702,1
12704,1
12705,1
12707,1
12708,1
12709,1
12764,1
12766,1
12767,1
12768,1
12769,1
12770,1
12772,1
12773,1
12775,1
12776,1
12785,1
12786,1
12787,1
12791,1
12792,1
12793,1
12794,1
12795,1
12796,1
12797,1
12799,1
12800,1
12801,1
12802,1
12806,1
12807,1
12810,1
12811,1
12819,1
12822,1
12823,1
12824,1
12825,1
12827,1
12828,1
12829,1
12830,1
12831,1
12832,1
12833,1
12834,1
12835,1
12836,1
12837,1
12840,1
12842,1
12843,1
12845,1
12846,1
12849,1
12855,1
12856,1
12857,1
12859,1
12860,1
12865,1
12866,1
12870,1
12872,1
12873,1
12877,1
12878,1
12885,1
12889,1
12895,1
12899,1
12902,1
12903,1
12904,1
12911,1
12913,1
12917,1
12920,1
12923,1
12925,1
12928,1
12929,1
12932,1
12933,1
12939,1
12940,1
12947,1
12948,1
12950,1
12956,1
12959,1
12962,1
12965,1
12966,1
12968,1
12970,1
12975,1
12977,1
12978,1
12980,1
12983,1
12994,1
12997,1
13000,1
13001,1
13003,1
13006,1
13008,1
13011,1
13014,1
13017,1
13018,1
13019,1
13020,1
13025,1
13027,1
13033,1
13043,1
13045,1
13047,1
13049,1
13051,1
13052,1
13053,1
13057,1
13058,1
13060,1
13061,1
13062,1
13065,1
13067,1
13070,1
13078,1
13085,1
13086,1
13087,1
13089,1
13091,1
13093,1
13094,1
13095,1
13096,1
13097,1
13098,1
13099,1
13100,1
13101,1
13102,1
13103,1
13104,1
13105,1
13106,1
13107,1
13108,1
13121,1
13124,1
13131,1
13132,1
13165,1
13166,1
13167,1
13168,1
13171,1
13173,1
13174,1
13175,1
13178,1
13180,1
13181,1
13182,1
13183,1
13184,1
13187,1
13193,1
13196,1
13198,1
13199,1
13200,1
13202,1
13204,1
13209,1
13210,1
13211,1
13223,1
13225,1
13237,1
13269,1
13307,1
13312,1
13313,1
13315,1
13316,1
13317,1
13331,1
13334,1
13335,1
13336,1
13337,1
13338,1
13343,1
13344,1
13345,1
13346,1
13349,1
13350,1
13351,1
13352,1
13355,1
13356,1
13357,1
13358,1
13359,1
13360,1
13368,1
13392,1
13401,1
13452,1
13453,1
13454,1
13499,1
13758,1
14202,1
14203,1
14204,1
14265,1
14334,1
14419,1
14444,1
14472,1
14473,1
14474,1
14475,1
14476,1
14477,1
14478,1
14479,1
14480,1
14481,1
14482,1
14483,1
14487,1
14512,1
14513,1
14514,1
14516,1
14824,1
14826,1
14836,1
14871,1
14930,1
14931,1
14981,1
15582,1
15583,1
15587,1
16006,1
16255,1
16345,1
16580,1
16584,1
16590,1
16591,1
16592,1
16687,1
16710,1
16717,1
16743,1
16744,1
16752,1
16781,1
16868,1
16875,1
16881,1
16906,1
16947,1
16958,1
16959,1
17016,1
17447,1
17465,1
17506,1
17507,1
17508,1
17517,1
17558,1
17559,1
17574,1
17803,1
17897,1
18113,1
18354,1
18447,1
18819,1
18820,1
18838,1
19013,1
19022,1
19056,1
19065,1
19206,1
19219,1
19220,1
19224,1
19225,1
19226,1
19231,1
19241,1
19246,1
19247,1
19248,1
19250,1
19253,1
19258,1
19260,1
19261,1
19262,1
19263,1
19264,1
19272,1
19273,1
19274,1
19277,1
19278,1
19285,1
19286,1
19288,1
19289,1
19290,1
19291,1
19292,1
19293,1
19294,1
19295,1
19299,1
19300,1
19301,1
19303,1
19307,1
19316,1
19317,1
19318,1
19321,1
19322,1
19328,1
19329,1
19330,1
19332,1
19334,1
19335,1
19336,1
19337,1
19338,1
19339,1
19340,1
19341,1
19342,1
19343,1
19344,1
19345,1
19346,1
19347,1
19349,1
19350,1
19351,1
19523,1
19524,1
19732,1
19815,1
19816,1
19826,1
20129,1
20366,1
20421,1
20517,1
20559,1
20639,1
20768,1
20771,1
20888,1
20889,1
20890,1
20891,1
20892,1
20893,1
21126,1
21651,1
21652,1
21693,1
21695,1
33284,2
34018,2
34019,2
34020,2
35155,2
35649,2
35655,2
36034,3
36043,3
36116,3
36370,3
37793,3
37800,3
37801,3
37803,3
37811,3
37819,3
37832,3
37835,3
37855,3
37856,3
37866,3
37867,3
37868,3
37869,3
37873,3
37876,3
37877,3
37878,3
37880,3
37898,3
37913,3
37914,3
37915,3
37916,3
37922,3
37924,3
37926,3
37927,3
37928,3
37945,3
37959,3
37960,3
37968,3
37970,3
37971,3
37974,3
37987,3
37989,3
37990,3
37991,3
37992,3
37993,3
38009,3
38012,3
38013,3
38016,3
38020,3
38022,3
38023,3
38024,3
38026,3
38031,3
38032,3
38035,3
38038,3
38039,3
38040,3
38041,3
38042,3
38043,3
38044,3
38045,3
38046,3
38047,3
38052,3
38057,3
38058,3
38066,3
38068,3
38069,3
38070,3
38347,3
39641,3
39651,3
39894,3
40332,3
40333,3
40335,3
40336,3
40337,3
40338,3
40339,3
40340,3
40341,3
40349,3
40352,3
40353,3
40419,3
40429,3
40432,3
40452,3
42889,3
44628,3
45070,3
45608,3
45609,3
45610,3
45696,3
45697,3
45702,3
45703,3
45704,3
45705,3
45706,3
45708,3
45709,3
45710,3
45711,3
45712,3
45713,3
45714,3
45715,3
45716,3
45717,3
45718,3
45719,3
45743,3
45800,3
45809,3
48882,3
48889,3
48890,3
48907,3
48916,3
48918,3
48919,3
48920,3
48940,3
48985,3
49104,3
49105,3
49466,3
49617,3
49798,3
51529,3
51531,3
51563,3
51587,3
51595,3
51649,3
51756,3
51757,3
51760,3
51761,3
51811,3
51812,3
51814,3
51833,3
51847,3
53522,3
53523,3
53543,3
53544,3
53545,3
53550,3
53583,3
53592,3
53595,3
53750,3
54184,3
54567,3
54789,3
54791,3
54792,3
54794,3
54795,3
54796,3
54911,3
54912,3
54913,3
54914,3
54915,3
54953,3
54967,3
55034,3
57185,3
57187,3
57188,3
57190,3
57191,3
57192,3
57193,3
57194,3
57234,3
57236,3
57237,3
57238,3
57240,3
57242,3
57243,3
57245,3
57286,3
57290,3
57291,3
57292,3
57293,3
57294,3
57295,3
57296,3
57297,3
57298,3
57299,3
57300,3
57301,3
57302,3
57303,3
57304,3
57305,3
57306,3
57307,3
57308,3
57309,3
57314,3
57321,3
57322,3
57323,3
57330,3
57331,3
57333,3
57339,3
57340,3
57556,3
61429,3
64533,3
64534,3
64535,3
64839,3
64840,3
64842,3
64843,3
64891,3
65002,3
65003,3
65590,3
65594,3
65595,3
72571,3
72573,3
72589,3
72719,3
72720,3
72752,3
73111,3
73169,3
73259,3
73260,3
73261,3
73296,3
74648,3
74650,3
74651,3
74652,3
74653,3
74657,3
74658,3
74659,3
74660,3
74668,3
74669,3
74671,3
74673,3
74674,3
74677,3
74679,3
74680,3
74681,3
74683,3
74685,3
74686,3
74691,3
74692,3
74696,3
74698,3
74701,3
74705,3
74710,3
74715,3
74719,3
74721,3
74725,3
74726,3
74728,3
74730,3
74733,3
74736,3
74743,3
74744,3
74749,3
74750,3
74752,3
74753,3
74837,3
74838,3
74840,3
74842,3
74843,3
74883,3
75235,3
75411,3
76031,3
76032,3
76033,3
76036,3
76037,3
76393,3
78435,3
141404,4
185933,5
185934,5
189551,5
189727,5
196918,5
207312,5
232204,1
232207,1
232208,1
232209,1
232211,1
232212,1
236111,1
282527,6
282530,6
282531,6
282532,6
282533,6
282534,6
282535,6
282537,6
282538,6
282539,6
282541,6
282552,6
282559,6
282560,6
282561,6
282569,6
282570,6
282571,6
282573,6
282575,6
282618,6
282883,6
283743,6
289702,6
289703,6
311939,7
313632,7
313650,7
313787,7
314561,7
314562,7
316756,7
316757,7
316758,7
316759,7
316760,7
316761,7
316762,7
316763,7
320928,7
387147,8
395123,8
395733,8
435573,9
435576,9
435577,9
435578,9
435579,9
435580,9
435581,9
435583,9
435585,9
435586,9
435590,9
435594,9
435595,9
435596,9
435597,9
435598,9
435599,9
435600,9
435601,9
435603,9
435604,9
435614,9
435615,9
435616,9
435617,9
435621,9
435622,9
435623,9
435626,9
435627,9
435630,9
435631,9
435632,9
435633,9
435635,9
435640,9
435641,9
435642,9
435643,9
435644,9
435645,9
435646,9
435647,9
435648,9
435649,9
435650,9
435651,9
435653,9
435654,9
435655,9
435656,9
435657,9
435658,9
435659,9
435663,9
435664,9
435665,9
435666,9
435670,9
435671,9
435672,9
435673,9
435678,9
435680,9
435682,9
435683,9
435684,9
435687,9
435688,9
435689,9
435690,9
435691,9
435692,9
435693,9
435694,9
435701,9
435702,9
435703,9
435704,9
435705,9
435706,9
435707,9
435708,9
435709,9
435711,9
435713,9
435714,9
435715,9
435716,9
435717,9
435718,9
435722,9
435723,9
435724,9
435725,9
435727,9
435728,9
435729,9
435730,9
435731,9
435733,9
435734,9
435737,9
435738,9
435740,9
435741,9
435742,9
435743,9
435744,9
435745,9
435746,9
435747,9
435749,9
435750,9
435751,9
435752,9
435753,9
435754,9
435755,9
435756,9
435757,9
435759,9
435760,9
435762,9
435763,9
435764,9
435765,9
435766,9
435768,9
435769,9
435770,9
435771,9
435772,9
435773,9
435774,9
435775,9
435776,9
435778,9
435779,9
435780,9
435793,9
435802,9
435803,9
435804,9
435805,9
435806,9
435807,9
435808,9
435809,9
435810,9
435813,9
435814,9
435817,9
435818,9
435819,9
435820,9
435822,9
435823,9
435824,9
435826,9
435829,9
435830,9
435831,9
435832,9
435833,9
435835,9
435837,9
435838,9
435839,9
435842,9
435843,9
435844,9
435847,9
435848,9
435849,9
435851,9
435852,9
435853,9
435855,9
435856,9
435857,9
435858,9
435859,9
435860,9
435861,9
435862,9
435863,9
435864,9
435866,9
435867,9
435868,9
435869,9
435870,9
435871,9
435872,9
435873,9
435874,9
435875,9
435876,9
435877,9
435878,9
435879,9
435880,9
435881,9
435882,9
435883,9
435884,9
435885,9
435886,9
435887,9
435888,9
435892,9
435894,9
435895,9
435896,9
435897,9
435898,9
435899,9
435900,9
435901,9
435902,9
435904,9
435905,9
435906,9
435907,9
435908,9
435909,9
435912,9
435914,9
435916,9
435917,9
435918,9
435921,9
435922,9
435923,9
435940,9
435944,9
435945,9
435946,9
435947,9
435948,9
435949,9
435950,9
435951,9
435952,9
435953,9
435954,9
435955,9
435956,9
435957,9
435958,9
435959,9
435960,9
435961,9
435962,9
435963,9
435964,9
435965,9
435966,9
435967,9
435968,9
435969,9
435971,9
435972,9
435975,9
435976,9
435977,9
435978,9
435979,9
435980,9
435981,9
435983,9
435984,9
435985,9
435986,9
435987,9
435988,9
435989,9
435990,9
435991,9
435992,9
435993,9
435997,9
435998,9
436000,9
436001,9
436002,9
436003,9
436004,9
436005,9
436006,9
436007,9
436008,9
436009,9
436010,9
436011,9
436012,9
436013,9
436014,9
436015,9
436016,9
436017,9
436018,9
436019,9
436020,9
436021,9
436022,9
436023,9
436024,9
436025,9
436026,9
436027,9
436028,9
436030,9
436033,9
436034,9
436035,9
436036,9
436037,9
436038,9
436039,9
436040,9
436041,9
436042,9
436043,9
436044,9
436045,9
436046,9
436047,9
436048,9
436049,9
436052,9
436053,9
436055,9
436056,9
436057,9
436060,9
436061,9
436062,9
436063,9
436064,9
436065,9
436068,9
436075,9
436076,9
436077,9
436078,9
436079,9
436080,9
436081,9
436083,9
436084,9
436085,9
436086,9
436088,9
436089,9
436090,9
436091,9
436092,9
436093,9
436095,9
436098,9
436099,9
436100,9
436101,9
436102,9
436103,9
436104,9
436105,9
436106,9
436107,9
436108,9
436114,9
436115,9
436116,9
436118,9
436119,9
436120,9
436121,9
436122,9
436123,9
436138,9
436139,9
436140,9
436141,9
436144,9
436145,9
436149,9
436150,9
436152,9
436153,9
436162,9
436168,9
436174,9
436175,9
436176,9
436177,9
436178,9
436179,9
436180,9
436182,9
436183,9
436184,9
436186,9
436187,9
436188,9
436189,9
436190,9
436191,9
436192,9
436193,9
436195,9
436196,9
436198,9
436199,9
436200,9
436201,9
436205,9
436206,9
436207,9
436208,9
436209,9
436210,9
436211,9
436212,9
436213,9
436214,9
436215,9
436216,9
436217,9
436221,9
436222,9
436223,9
436224,9
436225,9
436226,9
436227,9
436228,9
436229,9
436230,9
436235,9
436236,9
436238,9
436239,9
436240,9
436241,9
436243,9
436244,9
436245,9
436246,9
436248,9
436252,9
436253,9
436254,9
436255,9
436256,9
436257,9
436258,9
436260,9
436261,9
436262,9
436266,9
436267,9
436268,9
436269,9
436270,9
436271,9
436278,9
436280,9
436283,9
436286,9
436287,9
436288,9
436290,9
436291,9
436292,9
436293,9
436294,9
436295,9
436296,9
436297,9
436300,9
436301,9
436302,9
436305,9
436309,9
436310,9
436311,9
436312,9
436318,9
436319,9
436320,9
436321,9
436322,9
436323,9
436324,9
436325,9
436326,9
436327,9
436329,9
436331,9
436333,9
436334,9
436335,9
436337,9
436338,9
436339,9
436340,9
436341,9
436342,9
436343,2
436344,9
436345,9
436346,9
436347,9
436397,9
436398,9
436399,9
436404,9
436406,9
436407,9
436408,9
436409,9
436410,9
436413,9
436415,9
436416,9
436418,9
436419,9
436420,9
436422,9
436423,9
436426,9
436427,9
436428,9
436431,9
436432,9
436433,9
436434,9
436435,9
436436,9
436438,9
436439,9
436440,9
436441,9
436442,9
436445,9
436446,9
436448,9
436449,9
436450,9
436451,9
436452,9
436453,9
436454,9
436455,9
436456,9
436472,9
436480,9
436481,9
436482,9
436483,9
436484,9
436485,9
436489,9
436490,9
436491,9
436492,9
436493,9
436495,9
436496,9
436497,9
436498,9
436499,9
436502,9
436503,9
436504,9
436509,9
436510,9
436511,9
436515,9
436519,9
436520,9
436521,9
436522,9
436523,9
436524,9
436525,9
436526,9
436527,9
436528,9
436529,9
436530,9
436531,9
436532,9
436533,9
436534,9
436535,9
436536,9
436538,9
436539,9
436541,9
436542,9
436543,9
436544,9
436545,9
436546,9
436547,9
436548,9
436549,9
436550,9
436551,9
436552,9
436553,9
436554,9
436555,9
436556,9
436557,9
436558,9
436559,9
436560,9
436561,9
436567,9
436568,9
436569,9
436570,9
436571,9
436572,9
436573,9
436574,9
436575,9
436576,9
436577,9
436579,9
436580,9
436581,9
436582,9
436583,9
436584,9
436586,9
436587,9
436588,9
436590,9
436591,9
436593,9
436594,9
436595,9
436596,9
436597,9
436598,9
436599,9
436600,9
436601,9
436602,9
436603,9
436604,9
436607,9
436609,9
436615,9
436616,9
436617,9
436618,9
436619,9
436620,9
436621,9
436622,9
436623,9
436624,9
436625,9
436626,9
436627,9
436628,9
436630,9
436631,9
436632,9
436634,9
436636,9
436637,9
436638,9
436641,9
436642,9
436643,9
436644,9
436645,9
436647,9
436648,9
436652,9
436653,9
436656,9
436657,9
436658,9
436659,9
436660,9
436664,9
436665,9
436667,9
436668,9
436669,9
436670,9
436671,9
436672,9
436675,9
436676,9
436677,9
436678,9
436679,9
436680,9
436683,9
436684,9
436685,9
436686,9
436687,9
436688,9
436689,9
436690,9
436691,9
436692,9
436693,9
436698,9
436699,2
436702,9
436703,9
436704,9
436705,9
436706,9
436707,9
436708,9
436709,9
436721,9
436722,9
436724,9
436725,9
436729,2
436731,9
436732,9
436733,9
436736,9
436738,9
436739,9
436741,9
436743,9
436745,9
436747,9
436749,9
436751,9
436752,9
436757,9
436760,9
436761,9
436762,9
436769,9
436770,9
436771,9
436772,9
436774,9
436776,9
436780,9
436781,9
436782,9
436784,9
436785,9
436787,9
436788,9
436789,9
436790,9
436791,9
436793,9
436794,9
436795,9
436796,9
436797,9
436798,9
436799,9
436801,9
436802,9
436803,9
436805,9
436806,9
436808,9
436809,9
436810,9
436814,9
436815,9
436816,9
436817,9
436818,9
436819,9
436820,9
436821,9
436823,9
436824,9
436825,9
436826,9
436827,9
436829,9
436830,9
436831,9
436832,9
436833,9
436834,9
436835,9
436836,9
436838,9
436839,9
436840,9
436843,9
436845,9
436846,9
436847,9
436849,9
436850,9
436851,9
436852,9
436853,9
436858,9
436861,9
436863,9
436866,9
436867,9
436868,9
436869,9
436870,9
436871,9
436872,9
436873,9
436874,9
436875,9
436876,9
436877,9
436879,9
436880,9
436882,9
436883,9
436886,9
436888,9
436889,9
436890,9
436891,9
436892,9
436893,9
436895,9
436896,9
436899,9
436903,9
436904,9
436905,9
436906,9
436907,9
436908,9
436909,9
436910,9
436911,9
436912,9
436913,9
436914,9
436917,9
436918,9
436920,9
436921,9
436922,9
436923,9
436925,9
436926,9
436927,9
436928,9
436929,9
436930,9
436931,9
436932,9
436933,9
436934,9
436935,9
436936,9
436937,9
436939,9
436940,9
436941,9
436942,9
436943,9
436944,9
436945,9
436946,9
436947,9
436948,9
436949,9
436950,9
436951,9
436952,9
436954,9
436955,9
436956,9
436957,9
436960,9
436961,9
436962,9
436963,9
436964,9
436965,9
436966,9
436967,9
436968,9
436969,9
436970,9
436971,9
436974,9
436975,9
436976,9
436982,9
436984,9
436985,9
436986,9
436987,9
436988,9
436990,9
436991,9
436992,9
436994,9
436995,9
437000,9
437006,9
437007,9
437010,9
437011,9
437013,9
437014,9
437017,9
437020,9
437021,9
437023,9
437024,9
437030,9
437031,9
437033,9
437034,9
437035,9
437038,9
437039,9
437040,9
437041,9
437042,9
437043,9
437044,9
437045,9
437046,9
437049,9
437050,9
437051,9
437052,9
437053,9
437054,9
437055,9
437056,9
437057,9
437059,9
437060,9
437061,9
437062,9
437063,9
437067,9
437069,9
437070,9
437071,9
437072,9
437073,9
437074,9
437078,9
437079,9
437080,9
437081,9
437082,9
437083,9
437084,9
437085,9
437086,9
437087,9
437088,9
437089,9
437090,9
437092,9
437093,9
437094,9
437095,9
437096,9
437097,9
437098,9
437099,9
437101,9
437102,9
437103,9
437104,9
437105,9
437106,9
437107,9
437108,9
437109,9
437110,9
437111,9
437112,9
437113,9
437115,9
437117,9
437118,9
437119,9
437120,9
437121,9
437122,9
437123,9
437124,9
437125,9
437126,9
437127,9
437128,9
437129,9
437130,9
437131,9
437133,9
437135,9
437136,9
437137,9
437138,9
437143,9
437144,9
437146,9
437147,9
437148,9
437149,9
437151,9
437153,9
437154,9
437156,9
437157,9
437158,9
437159,9
437160,9
437161,9
437163,9
437164,9
437165,9
437168,9
437169,9
437170,9
437171,9
437172,9
437173,9
437174,9
437175,9
437177,9
437178,9
437179,9
437180,9
437181,9
437182,9
437183,9
437184,9
437185,9
437187,9
437188,9
437189,9
437190,9
437191,9
437192,9
437193,9
437195,9
437197,9
437198,9
437199,9
437202,9
437203,9
437204,9
437205,9
437206,9
437207,9
437208,9
437209,9
437210,9
437211,9
437212,9
437214,9
437216,9
437217,9
437218,9
437219,9
437220,9
437221,9
437222,9
437227,9
437229,9
437230,9
437231,9
437232,9
437233,9
437234,9
437235,9
437237,9
437238,9
437239,9
437241,9
437242,9
437243,9
437244,9
437245,9
437246,9
437248,9
437249,9
437250,9
437251,9
437252,9
437255,9
437256,9
437257,9
437258,9
437259,9
437260,9
437262,9
437263,9
437265,9
437268,9
437269,9
437270,9
437271,1
437273,9
437274,9
437275,9
437276,9
437279,9
437280,9
437281,9
437282,9
437283,9
437284,9
437285,9
437286,9
437290,9
437291,9
437295,9
437298,9
437299,9
437300,9
437301,9
437302,9
437303,9
437304,9
437305,9
437306,9
437307,9
437308,9
437309,9
437310,9
437311,9
437312,9
437313,9
437314,9
437316,9
437317,9
437319,9
437321,9
437322,9
437323,9
437324,9
437325,9
437326,9
437327,9
437328,9
437329,9
437330,9
437331,9
437332,9
437333,9
437336,9
437337,9
437338,9
437339,9
437340,9
437342,9
437343,9
437344,9
437346,9
437347,9
437349,9
437350,9
437351,9
437352,9
437354,9
437355,9
437356,9
437357,9
437358,9
437359,9
437360,9
437361,9
437363,9
437364,9
437365,9
437366,9
437367,9
437368,9
437373,9
437374,9
437376,9
437378,9
437380,9
437381,9
437382,9
437383,9
437384,9
437385,9
437386,9
437387,9
437388,9
437389,9
437390,9
437391,9
437392,9
437393,9
437394,9
437395,9
437396,9
437397,9
437398,9
437399,9
437400,9
437401,9
437402,9
437403,9
437404,9
437405,9
437406,9
437407,9
437408,9
437409,9
437410,9
437411,9
437412,9
437413,9
437414,9
437415,9
437416,9
437417,9
437418,9
437419,9
437420,9
437421,9
437422,9
437423,9
437424,9
437425,9
437426,9
437427,9
437428,9
437429,9
437430,9
437431,9
437432,9
437433,9
437434,9
437436,9
437437,9
437438,9
437439,9
437440,9
437441,9
437442,9
437443,9
437444,9
437445,9
437446,9
437447,9
437448,9
437449,9
437450,9
437451,9
437452,9
437453,9
437454,9
437455,9
437456,9
437457,9
437458,9
437460,9
437461,9
437462,9
437463,9
437464,9
437465,9
437467,9
437468,9
437470,9
437473,9
437476,9
437477,9
437479,9
437480,9
437481,9
437487,9
437488,9
437490,9
437492,9
437494,9
437495,9
437496,9
437498,9
437499,9
437500,9
437501,9
437502,9
437503,9
437504,9
437505,9
437506,9
437507,9
437508,9
437509,9
437510,9
437512,9
437513,9
437514,9
437515,9
437516,9
437517,9
437518,9
437519,9
437520,9
437523,9
437525,9
437526,9
437527,9
437528,9
437529,9
437530,9
437531,9
437532,9
437533,9
437535,9
437536,9
437539,9
437540,9
437542,9
437543,9
437544,9
437545,9
437546,9
437547,9
437548,9
437549,9
437564,9
437585,9
437586,9
437587,9
437588,9
437589,9
437590,9
437591,9
437592,9
437593,9
437598,9
437600,9
437607,9
437609,9
437610,9
437612,9
437630,9
437631,9
437633,9
437636,9
437637,9
437638,9
437639,9
437640,9
437641,9
437642,9
437643,9
437645,9
437646,9
437647,9
437648,9
437649,9
437652,9
437654,9
437655,9
437656,9
437657,9
437658,9
437659,9
437660,9
437662,9
437670,9
437671,9
437672,9
437674,9
437675,9
437676,9
437677,9
437678,9
437679,9
437680,9
437681,9
437682,9
437683,9
437684,9
437685,9
437686,9
437687,9
437688,9
437697,9
437698,9
437699,9
437700,9
437703,9
437704,9
437705,9
437706,9
437707,9
437722,9
437724,9
437725,9
437729,9
437734,9
437736,9
437740,9
437741,9
437742,9
437745,9
437747,9
437748,9
437749,9
437750,9
437751,9
437754,9
437755,9
437756,9
437757,9
437759,9
437760,9
437763,9
437764,9
437766,9
437768,9
437769,9
437770,9
437771,9
437772,9
437775,9
437776,9
437777,9
437778,9
437779,9
437780,9
437781,9
437784,9
437787,9
437788,9
437794,9
437795,9
437804,9
437812,9
437815,9
437817,9
437819,9
437820,9
437821,9
437822,9
437823,9
437824,9
437825,9
437826,9
437827,9
437828,9
437830,9
437832,9
437834,9
437835,9
437836,9
437837,9
437838,9
437839,9
437841,9
437842,9
437843,9
437844,9
437846,9
437847,9
437848,9
437849,9
437850,9
437851,9
437852,9
437853,9
437854,9
437857,9
437858,9
437859,9
437860,9
437861,9
437862,9
437864,9
437865,9
437866,9
437867,9
437868,9
437869,9
437870,9
437871,9
437872,9
437873,9
437874,9
437875,9
437876,9
437877,9
437878,9
437879,9
437880,9
437881,9
437882,9
437883,9
437884,9
437885,9
437886,9
437887,9
437888,9
437889,9
437890,9
437891,9
437892,9
437893,9
437894,9
437895,9
437896,9
437897,9
437898,9
437899,9
437900,9
437902,9
437903,9
437909,9
437910,9
437912,9
437914,9
437915,9
437916,9
437917,9
437918,9
437919,9
437920,9
437921,9
437922,9
437923,9
437925,9
437926,9
437927,9
437928,9
437935,9
437936,9
437937,9
437939,9
437941,9
437942,9
437943,9
437944,9
437945,9
437953,9
437954,9
437955,9
437956,9
437957,9
437964,9
437965,9
437966,9
437967,9
437968,9
437970,9
437971,9
437972,9
437973,9
437974,9
437975,9
437977,9
437978,9
437979,9
437980,9
437983,9
437984,9
437985,9
437986,9
437987,9
437988,9
437989,9
437990,9
437991,9
437995,9
437996,9
437997,9
437998,9
437999,9
438000,9
438001,9
438002,9
438003,9
438004,9
438005,9
438006,9
438007,9
438008,9
438009,9
438010,9
438011,9
438012,9
438013,9
438014,9
438015,9
438016,9
438018,9
438020,9
438023,9
438024,9
438025,9
438026,9
438030,9
438031,9
438032,9
438033,9
438098,9
438099,9
438100,9
438101,9
438102,9
438103,9
438105,9
438106,9
438107,9
438110,9
438112,9
438113,9
438116,9
438117,9
438118,9
438123,9
438126,9
438127,9
438128,9
438129,9
438130,9
438132,9
438134,9
438136,9
438139,9
438144,9
438156,9
438158,9
438159,9
438169,9
438338,9
438373,9
438374,9
438375,9
438376,9
438377,9
438378,9
438379,9
438380,9
438381,9
438386,9
438387,9
438389,9
438390,9
438407,9
438417,9
438423,9
438427,9
438432,9
438434,9
438435,9
438449,9
438465,9
438466,9
438467,9
438490,9
438510,9
438541,9
438543,9
438545,9
438546,9
438551,9
438559,9
438590,9
438603,9
438605,9
438616,9
438617,9
438618,9
438619,9
438620,9
438622,9
438623,9
438624,9
438625,9
438626,9
438627,9
438628,9
438629,9
438632,9
438633,9
438634,9
438635,9
438636,9
438637,9
438638,9
438640,9
438641,9
438642,9
438643,9
438644,9
438645,9
438646,9
438647,9
438648,9
438649,9
438650,9
438652,9
438653,9
438654,9
438655,9
438658,9
438659,9
438660,9
438661,9
438662,9
438663,9
438664,9
438665,9
438666,9
438667,9
438668,9
438669,9
438670,9
438671,9
438672,9
438673,9
438674,9
438675,9
438676,9
438677,9
438678,9
438679,9
438688,9
438690,9
438691,9
438722,9
438724,9
438726,9
438727,9
438737,9
438738,9
438754,9
438761,9
438776,9
438783,9
438813,9
438814,9
438815,9
438816,9
438817,9
438818,9
438819,9
438820,9
438821,9
438822,9
438823,9
438824,9
438836,9
438844,9
438845,9
438848,9
438849,9
438850,9
438857,9
438887,9
438947,9
438948,9
438949,9
438950,9
438951,9
438952,9
438953,9
438954,9
439065,9
439081,9
439118,9
439120,9
439122,9
439327,9
439333,9
439337,9
439343,9
439344,9
439346,9
439349,9
439350,9
439351,9
439352,9
439353,9
439354,9
439355,9
439356,9
439357,9
439358,9
439359,9
439360,9
439361,9
439362,9
439363,9
439364,9
439365,9
439366,9
439367,9
439368,9
439369,9
439370,9
439371,9
439372,9
439373,9
439374,9
439375,9
439376,9
439377,9
439378,9
439379,9
439380,9
439381,9
439382,9
439383,9
439384,9
439385,9
439386,9
439387,9
439388,9
439389,9
439390,9
439391,9
439392,9
439393,9
439394,9
439395,9
439396,9
439397,9
439398,9
439399,9
439400,9
439401,9
439402,9
439403,9
439404,9
439406,9
439407,9
439408,9
439409,9
439410,9
439411,9
439413,9
439553,9
439631,9
439760,9
439761,9
439762,9
439763,9
439764,9
439765,9
439766,9
439767,9
439768,9
439769,9
439844,9
439933,9
439977,9
440326,9
440327,9
440328,9
440329,9
440330,9
440331,9
440332,9
440333,9
440334,9
440335,9
440336,9
440337,9
440338,9
440339,9
440340,9
440341,9
440342,9
440343,9
440344,9
440345,9
440346,9
440347,9
440348,9
440349,9
440350,9
440351,9
440352,9
440353,9
440354,9
440355,9
440356,9
440357,9
440358,9
440359,9
440360,9
440361,9
440362,9
440363,9
440364,9
440365,9
440366,9
440367,9
440368,9
440369,9
440370,9
440371,9
440372,9
440373,9
440374,9
440375,9
440376,9
440377,9
440378,9
440379,9
440380,9
440386,9
440393,9
440407,9
440408,9
440409,9
440459,9
440460,9
440464,9
440568,9
440723,9
440725,9
440726,9
440727,9
440729,9
440840,9
440847,9
440888,9
440900,9
440985,9
441024,9
441104,9
441111,9
441115,9
441226,9
441227,9
441229,9
441230,9
441233,9
441234,9
441350,9
441351,9
441352,9
441353,9
441354,9
441355,9
441356,9
441357,9
441358,9
441359,9
441360,9
441363,9
441364,9
441367,9
441369,1
441370,1
441374,9
441378,9
441755,9
441768,9
441769,9
441933,9
441965,9
441967,9
441969,9
441971,9
442183,9
442356,9
442488,9
442761,9
442849,9
450504,10
450749,10
451254,10
451255,10
451256,10
452207,10
453283,10
456949,10
457772,10
457774,10
457781,10
457785,10
457788,10
457790,10
457798,10
457799,10
457972,10
458013,10
458047,10
458048,10
458644,10
458738,10
458947,10
458953,11
458954,11
458955,11
458956,11
458960,11
458961,11
458963,11
458964,11
458965,11
458966,11
458967,11
458970,11
458971,11
458972,11
458973,11
458974,11
458975,11
458976,11
458977,11
458978,11
458979,11
458980,11
458981,11
458982,11
458983,11
458985,11
458986,11
458987,11
458988,11
458989,11
458990,11
458991,11
458992,11
458993,11
458994,11
458995,11
458996,11
458997,11
458999,11
459000,11
459001,11
459002,11
459003,11
459004,11
459005,11
459006,11
459007,11
459008,11
459009,11
459011,11
459012,11
459013,11
459014,11
459015,11
459016,11
459017,11
459018,11
459019,11
459020,11
459021,11
459022,11
459023,11
459024,11
459025,11
459026,11
459027,11
459028,11
459029,11
459030,11
459031,11
459032,11
459033,11
459034,11
459035,11
459036,11
459037,11
459038,11
459039,11
459040,11
459041,11
459042,11
459043,11
459044,11
459045,11
459046,11
459047,11
459049,11
459050,11
459051,11
459052,11
459053,11
459054,11
459055,11
459056,11
459057,11
459058,11
459059,11
459060,11
459063,11
459065,11
459066,11
459067,11
459068,11
459069,11
459070,11
459071,11
459072,11
459073,11
459074,11
459075,11
459076,11
459077,11
459078,11
459079,11
459080,11
459081,11
459082,11
459083,11
459084,11
459085,11
459086,11
459087,11
459088,11
459089,11
459090,11
459091,11
459092,11
459093,11
459094,11
459095,11
459096,11
459098,11
459099,11
459100,11
459101,11
459102,11
459103,11
459104,11
459105,11
459106,11
459107,11
459108,11
459109,11
459110,11
459111,11
459112,11
459113,11
459114,11
459115,11
459116,11
459117,11
459118,11
459119,11
459120,11
459121,11
459122,11
459123,11
459124,11
459125,11
459126,11
459127,11
459128,11
459129,11
459131,11
459132,11
459133,11
459134,11
459135,11
459136,11
459139,11
459140,11
459141,11
459142,11
459143,11
459144,11
459145,11
459146,11
459147,11
459148,11
459149,11
459150,11
459151,11
459152,11
459153,11
459154,11
459155,11
459156,11
459157,11
459158,11
459159,11
459160,11
459161,11
459162,11
459163,11
459164,11
459165,11
459166,11
459167,11
459168,11
459169,11
459170,11
459171,11
459172,11
459173,11
459174,11
459175,11
459176,11
459177,11
459178,11
459182,11
459257,11
459258,11
459359,11
459926,11
460151,11
460152,11
460319,11
460330,11
460362,11
460374,11
460395,11
460401,11
460420,11
460428,11
460599,11
460635,11
460647,11
460686,11
460962,11
460969,11
460987,11
460996,11
461018,11
461041,11
461126,11
461180,11
461185,11
461186,11
461188,11
461190,11
461192,11
461288,11
461292,11
461294,11
461325,11
461366,11
461367,11
461444,11
461643,11
461658,11
461663,11
461664,11
461665,11
461667,11
461668,11
461670,11
461671,11
461673,11
461675,11
461676,11
461677,11
461678,11
461679,11
461680,11
461681,11
461682,11
461683,11
461684,11
461688,11
461689,11
462345,11
469892,12
470328,12
470600,12
470873,12
470874,12
470875,12
470876,12
470877,12
470878,12
470919,12
470920,12
470921,12
471223,12
471730,12
471903,12
471904,12
471905,12
472301,12
473058,13
473161,13
480513,4
480553,4
480566,4
480569,4
480585,4
480594,4
480597,4
480657,4
480661,4
480702,4
480704,4
480718,4
480725,4
480737,4
480738,4
480740,4
480811,4
480894,4
480896,4
480898,4
480900,4
480909,4
480911,4
480912,4
480914,4
480930,4
480931,4
480953,4
480985,4
480987,4
480988,4
480989,4
480992,4
480993,4
480996,4
480997,4
480998,4
481000,4
481004,4
481017,4
481023,4
481024,4
481025,4
481027,4
481028,4
481029,4
481030,4
481031,4
481032,4
481033,4
481036,4
481038,4
481135,4
481136,4
481148,4
481152,4
481164,4
481165,4
481189,4
481190,4
481197,4
481226,4
481233,4
481234,4
481235,4
481429,4
481430,4
481432,4
481433,4
481434,4
481435,4
481436,4
481437,4
481438,4
481441,4
481446,4
481450,4
481452,4
481453,4
481455,4
481457,4
481459,4
481467,4
481468,4
481484,4
481485,4
481486,4
481487,4
481489,4
481494,4
481496,4
481498,4
481499,4
481500,4
481501,4
481502,4
481503,4
481504,4
481505,4
481518,4
481549,4
481634,4
481639,4
481643,4
481644,4
481657,4
481664,4
481669,4
481671,4
481685,4
481687,4
481689,4
481691,4
481695,4
481696,4
481712,4
481753,4
481755,4
481756,4
481763,4
481767,4
481772,4
481774,4
481780,4
481784,4
481785,4
481855,4
481859,4
481860,4
481861,4
481866,4
481868,4
481871,4
481874,4
481905,4
481912,4
481917,4
481920,4
481922,4
481923,4
481925,4
481926,4
481927,4
481928,4
481933,4
481950,4
481951,4
481952,4
481960,4
481961,4
481962,4
481968,4
481969,4
481985,4
481994,4
481998,4
482000,4
482001,4
482005,4
482006,4
482007,4
482020,4
482021,4
482023,4
482024,4
482057,4
482058,4
482067,4
482070,4
482071,4
482089,4
482090,4
482095,4
482097,4
482110,4
482111,4
482116,4
482122,4
482133,4
482135,4
482195,4
482198,4
482211,4
482213,4
482214,4
482239,4
482245,4
482260,4
482261,4
482262,4
482264,4
482265,4
482267,4
482270,4
482279,4
482282,4
482287,4
482288,4
482300,4
482305,4
482306,4
482311,4
482313,4
482314,4
482315,4
482316,4
482317,4
482318,4
482362,4
482363,4
482370,4
482377,4
482378,4
482381,4
482388,4
482391,4
482392,4
482399,4
482406,4
482413,4
482414,4
482415,4
482418,4
482421,4
482424,4
482426,4
482427,4
482468,4
482469,4
482470,4
482471,4
482472,4
482474,4
482483,4
482484,4
482491,4
482510,4
482511,4
482518,4
482528,4
482535,4
482543,4
482558,4
482564,4
482588,4
482592,4
482595,4
482596,4
482597,4
482598,4
482599,4
482600,4
482601,4
482602,4
482603,4
482604,4
482605,4
482607,4
482613,4
482616,4
482624,4
482625,4
482626,4
482630,4
482632,4
482633,4
482634,4
482635,4
482639,4
482659,4
482660,4
482662,4
482667,4
482668,4
482672,4
482673,4
482677,4
482690,4
482697,4
482698,4
482699,4
482700,4
482704,4
482705,4
482711,4
482719,4
482720,4
482722,4
482729,4
482730,4
482731,4
482732,4
482738,4
482740,4
482746,4
482752,4
482801,4
482803,4
482809,4
482810,4
482811,4
482817,4
482819,4
482820,4
482825,4
482829,4
482835,4
482836,4
482967,4
482975,4
482976,4
482980,4
482981,4
482982,4
482984,4
482999,4
483000,4
483001,4
483009,4
483031,4
483032,4
483033,4
483038,4
483039,4
483040,4
483042,4
483066,4
483102,4
483105,4
483106,4
483107,4
483113,4
483117,4
483118,4
483124,4
483135,4
483160,4
483161,4
483162,4
483166,4
483167,4
483168,4
483171,4
483174,4
483176,4
483178,4
483198,4
483199,4
483201,4
483202,4
483230,4
483231,4
483234,4
483235,4
483246,4
483257,4
483268,4
483279,4
483290,4
483301,4
483312,4
483322,4
483330,4
483333,4
483334,9
483344,4
483355,4
483366,4
483377,9
483388,4
483440,4
483494,4
483504,4
483515,4
483526,4
483537,4
483548,4
483560,4
483561,4
483562,4
483565,4
483590,4
483762,4
483767,4
483846,4
483869,4
483870,4
483871,4
483872,4
483873,4
483878,4
483879,4
483883,4
483884,4
483885,4
483906,4
483907,4
483918,4
483925,4
483928,4
484154,4
484155,4
484178,4
484179,4
484180,4
484184,4
484188,4
484193,4
484194,4
484212,4
484215,4
484220,4
484222,4
484249,4
484258,4
484259,4
484260,4
484264,4
484274,4
484275,4
484344,4
484360,4
484361,4
484362,4
484372,4
484385,4
484387,4
484389,4
484399,4
484400,4
484402,4
484409,4
484416,4
484418,4
484419,4
484420,4
484423,4
484425,4
484427,4
484429,4
484432,4
484433,4
484437,4
484438,4
484453,4
484457,4
484462,4
484470,4
484506,4
484522,4
484524,4
484525,4
484526,4
484530,4
484533,4
484534,4
484535,4
484536,4
484537,4
484556,4
484558,4
484559,4
484561,4
484562,4
484563,4
484564,4
484574,4
484636,4
484638,4
484641,4
484653,4
484655,4
484679,4
484680,4
484681,4
484682,4
484683,4
484684,4
484685,4
484686,4
484687,4
484688,4
484690,4
484691,4
484693,4
484694,4
484697,4
484700,4
484701,4
484716,4
484717,4
484718,4
484723,4
484726,4
484729,4
484730,4
484735,4
484736,4
484737,4
484738,4
484749,4
484753,4
484754,4
484755,4
484757,4
484760,4
484763,4
484764,4
484767,4
484771,4
484775,4
484782,4
484787,4
484789,4
484799,4
484803,4
484827,4
484828,4
484829,4
484830,4
484831,4
484832,4
484833,4
484835,4
484836,4
484837,4
484857,4
484879,4
484880,4
484885,4
484891,4
484894,4
484905,4
484935,4
484938,4
484942,4
484943,4
484952,4
484954,4
484957,4
484959,4
484962,4
484963,4
484964,4
484965,4
484969,4
484970,4
484972,4
485022,4
485031,4
485033,4
485034,4
485039,4
485041,4
485043,4
485044,4
485058,4
485059,4
485063,4
485073,4
485074,4
485075,4
485145,4
485146,4
485147,4
485156,4
485164,4
485188,4
485191,4
485194,4
485196,4
485203,4
485204,4
485205,4
485210,4
485211,4
485213,4
485214,4
485216,4
485217,4
485218,4
485219,4
485221,4
485222,4
485226,4
485230,4
485243,4
485244,4
485245,4
485249,4
485252,4
485253,4
485255,4
485256,4
485289,4
485302,4
485305,4
485308,4
485312,4
485315,4
485318,4
485319,4
485320,4
485325,4
485338,4
485339,4
485347,4
485348,4
485350,4
485352,4
485378,4
485385,4
485386,4
485387,4
485403,4
485405,4
485406,4
485407,4
485411,4
485415,4
485416,4
485420,4
485424,4
485436,4
485437,4
485500,4
485502,4
485503,4
485507,4
485515,4
485516,4
485517,4
485551,4
485555,4
485633,4
485639,4
485654,4
485667,4
485682,4
485683,4
485685,4
485687,4
485694,4
485699,4
485702,4
485703,4
485705,4
485706,4
485713,4
485714,4
485717,4
485719,4
485720,4
485723,4
485724,4
485725,4
485729,4
485730,4
485731,4
485732,4
485751,4
485759,4
485760,4
485761,4
485768,4
485769,4
485775,4
485787,4
485788,4
485795,4
485797,4
485798,4
485803,4
485804,4
485805,4
485806,4
485807,4
485820,4
485821,4
485827,4
485840,4
485842,4
485843,4
485900,4
485901,4
485903,4
485910,4
485911,4
485914,4
485922,4
485923,4
485924,4
485934,4
485944,4
485945,4
485946,4
485962,4
485963,4
486005,4
486007,4
486008,4
486009,4
486010,4
486011,4
486012,4
486014,4
486037,4
486038,4
486042,4
486043,4
486044,4
486045,4
486049,4
486053,4
486054,4
486055,4
486060,4
486072,4
486074,4
486075,4
486081,4
486160,4
486161,4
486162,4
486163,4
486180,4
486182,4
486184,4
486186,4
486188,4
486189,4
486190,4
486191,4
486192,4
486196,4
486197,4
486203,4
486206,4
486225,4
486231,4
486237,4
486238,4
486239,4
486244,4
486245,4
486246,4
486251,4
486252,4
486255,4
486256,4
486258,4
486259,4
486265,4
486267,4
486270,4
486271,4
486272,4
486273,4
486274,4
486275,4
486276,4
486277,4
486278,4
486279,4
486280,4
486281,4
486282,4
486283,4
486284,4
486285,4
486286,4
486288,4
486291,4
486296,4
486298,4
486299,4
486301,4
486304,4
486307,4
486308,4
486309,4
486311,4
486315,4
486316,4
486321,4
486322,4
486323,4
486324,4
486325,4
486326,4
486327,4
486328,4
486329,4
486335,4
486336,4
486337,4
486338,4
486339,4
486351,4
486359,4
486363,4
486366,4
486371,4
486374,4
486375,4
486376,4
486392,4
486393,4
486395,4
486397,4
486398,4
486401,4
486406,4
486407,4
486408,4
486414,4
486415,4
486419,4
486423,4
486424,4
486428,4
486429,4
486522,4
486531,4
486578,4
486581,4
486582,4
486583,4
486590,4
486595,4
486596,4
486598,4
486600,4
486611,4
486633,4
486652,4
486656,4
486657,4
486658,4
486660,4
486662,4
486665,4
486669,4
486670,4
486686,4
486694,4
486702,4
486705,4
486726,4
486735,4
486738,4
486739,4
486740,4
486741,4
486742,4
486743,4
486744,4
486745,4
486750,4
486753,4
486754,4
486755,4
486758,4
486759,4
486760,4
486765,4
486766,4
486767,4
486768,4
486772,4
486773,4
486783,4
486788,4
486789,4
486790,4
486814,4
486820,4
486823,4
486836,4
486838,4
486839,4
486840,4
486841,4
486842,4
486843,4
486844,4
486845,4
486846,4
486847,4
486850,4
486878,4
486879,4
486881,4
486893,4
486894,4
486895,4
486909,4
486920,4
486921,4
486923,4
486939,4
486950,4
486951,4
486970,4
486983,4
486996,4
487030,4
487031,4
487032,4
487036,4
487039,4
487065,4
487081,4
487084,4
487085,4
487086,4
487097,4
487141,4
487144,4
487166,4
487182,4
487337,4
487338,4
487400,4
487463,4
487558,4
487582,4
487604,4
487609,4
487682,4
487688,4
487695,4
487713,4
487715,4
487717,4
487718,4
487719,4
487720,4
487723,4
487724,4
487725,4
487727,4
487741,4
487759,4
487762,4
487764,4
487765,4
487767,4
487768,4
487769,4
487781,4
487806,4
487807,4
487826,4
487827,4
487832,4
487833,4
487834,4
487835,4
487836,4
487844,4
487846,4
487848,4
487849,4
487850,4
487857,4
487858,4
487859,4
487860,4
487862,4
487864,4
487868,4
487870,4
487871,4
487872,4
487901,4
487904,4
487905,4
487929,4
487930,4
487964,4
487965,4
487978,4
487981,4
487982,4
487992,4
487998,4
488001,4
488004,4
488015,4
488017,4
488029,4
488030,4
488031,4
488032,4
488033,4
488034,4
488035,4
488036,4
488037,4
488038,4
488039,4
488041,4
488042,4
488044,4
488045,4
488060,4
488089,4
488090,4
488091,4
488092,4
488107,4
488108,4
488125,4
488126,4
488128,4
488135,4
488146,4
488147,4
488153,4
488154,4
488155,4
488156,4
488161,4
488164,4
488166,4
488167,4
488168,4
488169,4
488194,4
488206,4
488207,4
488221,4
488229,4
488231,4
488233,4
488259,4
488266,4
488276,4
488291,4
488292,4
488293,4
488294,4
488295,4
488300,4
488301,4
488315,4
488317,4
488319,4
488429,4
488462,4
488464,4
488472,4
488479,4
488480,4
488481,4
488482,4
488484,4
488485,4
488486,4
488487,4
488488,4
488489,4
488490,4
488491,4
488492,4
488493,4
488495,4
488496,4
488497,4
488563,4
488564,4
488577,4
488596,4
488600,4
488605,4
488607,4
488608,4
488609,4
488610,4
488611,4
488613,4
488614,4
488615,4
488618,4
488619,4
488620,4
488621,4
488622,4
488623,4
488625,4
488626,4
488628,4
488629,4
488632,4
488643,4
488645,4
488647,4
488649,4
488650,4
488651,4
488655,4
488659,4
488660,4
488662,4
488664,4
488668,4
488674,4
488675,4
488676,4
488685,4
488687,4
488689,4
488690,4
488692,4
488693,4
488694,4
488695,4
488697,4
488702,4
488710,4
488711,4
488722,4
488723,4
488725,4
488726,4
488727,4
488730,4
488731,4
488732,4
488733,4
488734,4
488735,4
488745,4
488750,4
488756,4
488757,4
488758,4
488760,4
488761,4
488763,4
488764,4
488765,4
488766,4
488768,4
488771,4
488772,4
488773,4
488774,4
488777,4
488778,4
488781,4
488782,4
488783,4
488787,4
488790,4
488791,4
488800,4
488801,4
488807,4
488820,4
488825,4
488826,4
488840,4
488841,4
488842,4
488853,4
488856,4
488876,4
488879,4
488880,4
488883,4
488885,4
488886,4
488887,4
488889,4
488890,4
488891,4
488892,4
488893,4
488897,4
488900,4
488903,4
488904,4
488906,4
488908,4
488909,4
488910,4
488911,4
488914,4
488915,4
488916,4
488917,4
488920,4
488922,4
488927,4
488928,4
488936,4
488937,4
488938,4
488943,4
488944,4
488954,4
488955,4
488960,4
488964,4
488970,4
488973,4
488974,4
488975,4
488976,4
488977,4
488978,4
488979,4
488981,4
489009,4
489011,4
489012,4
489020,4
489052,4
489055,4
489056,4
489057,4
489058,4
489059,4
489060,4
489062,4
489063,4
489064,4
489100,4
489102,4
489124,4
489126,4
489127,4
489131,4
489141,4
489143,4
489156,4
489164,4
489223,4
489227,4
489228,4
489238,4
489245,4
489246,4
489252,4
489258,4
489260,4
489262,4
489263,4
489281,4
489301,4
489302,4
489304,4
489305,4
489306,4
489307,4
489321,4
489324,4
489330,4
489335,4
489336,4
489337,4
489343,4
489346,4
489348,4
489349,4
489359,4
489360,4
489403,4
489404,4
489407,4
489408,4
489409,4
489421,4
489431,4
489498,4
489502,4
489503,4
489504,4
489511,4
489513,4
489537,4
489541,4
489542,9
489543,4
489544,4
489545,4
489546,4
489548,4
489549,4
489550,4
489551,4
489552,4
489553,4
489554,4
489555,4
489556,4
489558,4
489559,4
489573,4
489581,4
489586,4
489587,4
489589,4
489598,4
489623,4
489624,4
489625,4
489626,4
489627,4
489629,4
489630,4
489631,4
489632,4
489633,4
489634,9
489636,4
489637,4
489638,4
489640,4
489641,4
489642,4
489643,4
489645,4
489653,4
489674,4
489687,4
489693,4
489700,4
489701,4
489702,4
489707,4
489709,4
489713,4
489714,4
489715,4
489766,4
489800,4
489803,4
489804,4
489806,4
489807,4
489808,4
489809,4
489810,4
489812,4
489813,4
489814,4
489822,4
489871,4
489963,4
489964,4
489966,4
489967,4
489968,4
489969,4
489970,4
489971,4
489972,4
489974,4
489975,4
489976,4
489977,4
489982,4
489983,4
489986,4
489987,4
489988,4
489989,4
489990,4
489991,4
489994,4
489995,4
489996,4
489997,4
489998,4
490001,4
490002,4
490003,4
490004,4
490005,4
490008,4
490009,4
490010,4
490011,4
490012,4
490013,4
490014,4
490018,4
490020,4
490021,4
490022,4
490024,4
490025,4
490028,4
490029,4
490030,4
490031,4
490032,4
490033,4
490034,4
490035,4
490036,4
490037,4
490038,4
490039,4
490060,4
490064,4
490068,4
490078,4
490081,4
490093,4
490097,4
490117,4
490120,4
490127,4
490128,4
490131,4
490146,4
490147,4
490175,4
490176,4
490177,4
490181,4
490182,4
490183,4
490184,4
490187,4
490190,4
490191,4
490192,4
490193,4
490194,4
490195,4
490196,4
490197,4
490201,4
490202,4
490204,4
490205,4
490206,4
490209,4
490212,4
490213,4
490214,4
490216,4
490217,4
490218,4
490219,4
490220,4
490225,4
490227,4
490229,4
490232,4
490243,4
490244,4
490248,4
490254,4
490255,4
490256,4
490259,4
490260,9
490261,9
490587,4
490677,4
490678,4
490739,4
490750,4
490751,4
490814,4
490834,4
490941,4
491233,4
491234,4
491283,4
491290,4
491292,4
491586,4
491587,4
491647,4
491708,4
491719,4
491760,4
491764,4
491799,4
491804,4
491857,4
491923,4
491924,4
491963,4
491964,4
491967,4
492055,4
492277,4
492319,4
492337,4
492345,4
492358,4
492371,4
492373,4
492420,4
492421,4
492428,4
492460,4
492486,4
492495,4
492691,4
492694,4
492697,4
492698,4
492699,4
492700,4
492701,4
492702,4
492729,4
492730,4
492731,4
492732,4
492733,4
492734,4
492735,4
492736,4
492737,4
492738,4
492745,4
492746,4
492757,4
492759,4
492825,4
493210,4
493214,4
493552,4
493602,4
493628,4
493629,4
493694,4
493756,4
493758,4
493764,4
493793,4
493874,4
493875,4
493876,4
493903,4
494057,4
494061,4
494302,4
494303,4
494306,4
494387,4
494418,4
494509,4
494822,4
494824,4
494826,4
494837,4
494981,4
495130,4
495161,4
495238,4
495241,4
495248,4
495261,4
495270,4
495279,4
495297,4
495311,4
495318,4
495325,4
495450,4
495545,4
495554,4
495585,4
496094,4
496203,9
496213,4
496214,4
496217,4
496229,4
496230,4
496231,4
497082,4
497112,4
497143,4
497600,4
497769,4
498256,4
498390,4
498560,4
498617,4
498651,4
498803,4
498804,4
498808,4
498809,4
499032,4
499034,4
499035,4
499484,4
499550,4
499553,4
499566,4
499631,4
499663,4
499732,4
500031,4
500032,4
500033,4
500192,4
500193,4
500194,4
500399,4
500421,4
500430,4
500431,4
500436,4
500456,4
500488,4
504538,14
505722,14
623093,3
625023,10
625307,4
626692,9
629108,4
629928,9
631270,10
631633,10
631985,1
632918,4
632919,4
632920,4
632921,4
632922,4
632923,4
632925,4
632926,4
632927,4
632928,4
632933,4
632936,4
632937,4
632939,4
632940,4
632942,4
632944,4
632947,4
632950,4
632951,4
632952,4
632953,4
632954,4
632955,4
632956,4
632957,4
632958,4
632959,4
632960,4
632961,4
632962,4
632963,4
632964,4
632965,4
632966,4
632967,4
632968,4
632969,4
632970,4
632971,4
632972,4
632973,4
632974,4
632975,4
632976,4
632977,4
632978,4
632979,4
632980,4
632981,4
632982,4
632983,4
632984,4
632985,4
632986,4
632987,4
632988,4
632989,4
632990,4
632991,4
632992,4
632993,4
632994,4
632995,4
632996,4
632997,4
632998,4
632999,4
633000,4
633001,4
633002,4
633003,4
633004,4
633005,4
633006,4
633007,4
633008,4
633009,4
633011,4
633012,4
634108,9
634759,4
635384,1
635395,1
635399,1
635400,1
635401,1
637119,4
637222,4
638131,4
638362,4
639544,10
639777,4
639778,4
639779,4
640046,10
641257,9
641448,1
643540,9
644093,4
645148,10
645778,1
646469,4
646740,10
647338,9
648354,4
648883,1
651079,4
651837,9
652416,9
652706,4
653465,3
653670,4
653726,4
653728,4
653729,4
653730,4
653738,4
653739,4
653742,4
653744,4
653753,4
653754,4
653758,4
653759,4
653760,4
653761,4
655744,9
655814,4
655815,4
655819,4
655833,4
655944,4
655947,4
655949,4
655950,4
657683,9
657685,10
658681,3
659875,9
662317,4
663584,4
663608,4
665702,9
667298,3
669033,9
669035,4
669451,4
670765,9
671401,3
671456,9
675873,4
676034,3
676458,4
677108,4
677109,4
677110,4
677111,4
677112,4
677113,4
677114,4
677115,4
677116,4
677117,4
677118,4
677119,4
677910,1
678013,9
679069,4
679656,4
679658,4
679686,9
679844,9
680923,4
681017,1
681018,1
681021,4
681023,4
684606,1
685040,9
685337,1
686268,4
687431,4
687513,9
687836,3
687841,3
688224,10
688226,10
688593,4
688594,4
689627,3
689628,3
689957,4
690375,9
692597,9
693700,4
694642,1
694690,4
695495,9
695496,9
695500,9
695523,9
695524,9
695525,9
695526,9
695528,9
695529,9
695531,9
695533,9
695534,9
695535,9
695536,9
696713,8
696714,8
698529,1
698736,3
698738,3
698739,3
698749,9
698757,4
700412,3
700697,4
701452,3
701989,1
702565,10
702752,9
702950,4
705226,4
705667,4
706802,4
706803,4
707486,1
712013,9
712182,1
712209,3
712219,10
712220,10
712539,9
712946,9
716525,4
718431,3
718433,3
718434,3
719486,1
720560,7
720569,7
720570,7
720571,7
720572,7
720573,7
720574,7
724721,4
725889,4
725932,4
726543,9
727970,4
728021,4
728075,6
728108,4
728109,4
729894,4
733808,4
736275,9
740620,10
742651,1
742652,1
744263,4
744549,4
744945,4
745853,4
746743,4
747042,4
747199,1
747276,4
747297,4
747303,4
747607,9
747674,4
748346,4
748947,9
749431,10
749517,4
749639,9
750855,4
752037,4
752047,1
752049,4
753981,4
754093,4
754588,4
754594,4
754595,4
754596,4
755130,4
755136,4
759618,1
760930,4
761196,4
761207,4
761208,4
761209,4
761218,4
761234,4
761235,4
761270,4
761570,9
764086,1
764087,1
764089,1
764090,1
764091,1
764092,1
764093,1
764094,1
764095,1
764096,1
765275,3
765285,1
765918,4
766640,4
767842,10
768547,1
769294,9
769297,9
769369,4
770595,9
771516,7
772894,4
775492,4
778080,4
778160,4
778892,7
780292,9
782303,9
782304,9
782305,9
782306,9
782307,9
782308,9
785032,4
785222,1
785431,4
786045,3
786134,4
786261,4
786826,4
788887,4
788905,9
789381,4
789383,4
789384,4
812446,4
812449,4
812505,5
812918,4
813585,1
813594,1
814897,3
814971,4
815112,9
816272,10
816458,4
816514,9
816515,9
816519,9
816520,9
816522,9
816523,9
816618,9
816621,9
816624,9
816629,9
816630,9
816789,1
816791,1
817124,9
817303,4
817504,9
817649,4
818842,10
821719,4
821931,1
822083,9
822467,10
822544,4
822572,7
822573,7
822574,7
822575,7
822576,7
822577,7
822850,3
822852,3
823222,4
823225,4
823227,4
823228,4
823229,4
823230,4
823703,4
823704,4
824353,4
825586,10
825614,10
825644,3
825645,3
825657,3
825658,3
825664,3
825665,3
825667,3
825669,3
825673,3
825674,3
825675,3
825690,3
825693,3
825697,3
825698,3
825699,3
825700,3
825703,3
825704,3
825705,3
825706,3
825708,3
825709,3
825710,3
825711,3
825718,3
825720,3
825721,3
825724,3
826439,3
827290,7
828241,9
828497,9
828789,4
830723,4
830724,4
832687,3
834263,1
834269,1
835042,4
835145,10
838174,1
838176,1
838178,1
839033,1
839034,1
839035,1
839041,9
839044,9
839045,9
839209,4
839415,4
839876,4
840967,4
841439,4
841443,4
841475,10
843724,1
843725,1
843833,4
844289,4
844400,4
844401,4
844402,4
844403,4
844404,4
844405,4
844779,7
845334,1
846945,9
847010,4
847023,9
847024,9
848137,9
848284,4
848286,4
848290,4
848796,4
848826,4
848948,4
849199,4
850685,3
851638,1
852556,4
852668,9
853236,4
853449,1
853450,1
853894,3
853982,3
854635,4
855011,4
856229,1
856295,9
856309,4
856411,4
856622,3
856711,4
856712,4
856713,4
856714,4
856715,4
856716,4
856908,5
856989,4
856990,4
857029,3
857030,3
857031,3
857093,4
857624,4
857900,4
858236,3
858237,3
858238,3
858239,3
861087,4
861089,4
871987,4
872016,9
875633,4
875634,9
875661,4
875741,4
887796,3
887798,3
887799,3
887898,4
888197,4
888924,9
889125,4
889257,4
891354,4
892339,4
892457,4
892458,4
892461,4
894279,9
894493,4
895906,4
895946,4
